offset_s,latency_s,ok
11.2887,1.55756,1
12.8462,1.50161,1
14.3479,1.49866,1
15.8465,2.59626,1
18.4428,1.3846,1
19.8274,8.30976,1
28.1371,21.4976,1
49.6348,1.55614,1
51.1909,1.44125,1
52.6322,1.21074,1
53.8429,2.42547,1
56.2684,1.32835,1
57.5967,0.612151,0
58.2089,0.845581,1
59.0545,1.23133,1
60.2858,1.27322,1
61.559,2.19194,1
63.7509,1.15583,1
64.9068,0.864674,1
65.7714,1.09668,1
66.8681,0.923432,1
67.7916,0.981986,1
68.7735,1.10275,1
69.8763,1.09539,1
70.9717,1.95895,1
72.9306,1.1029,1
74.0335,3.98381,1
78.0174,1.0968,1
79.1142,2.13167,1
81.2458,1.14943,1
82.3953,1.21371,1
83.609,1.32699,1
84.936,2.24981,1
87.1858,2.1344,1
89.3202,1.32121,1
90.6414,1.21295,1
91.8543,1.09339,1
92.9477,1.15192,1
94.0996,1.49931,1
95.5989,1.38218,1
96.9811,1.09814,1
98.0793,2.137,1
100.216,1.15451,1
101.371,1.15238,1
102.523,1.1557,1
103.679,1.09587,1
104.775,1.09656,1
105.871,8.25293,1
114.124,4.15698,1
118.281,1.15171,1
119.433,1.0361,1
120.469,2.13153,1
122.601,1.21231,1
123.813,1.12617,1
124.939,0.125433,1
125.064,1.05727,1
126.122,0.151913,1
126.274,0.173366,1
126.447,1.52058,1
127.968,0.40583,1
128.373,0.289805,1
128.663,3.35093,1
132.014,1.26863,1
133.283,0.288588,1
133.571,1.12261,1
134.694,0.117918,1
134.812,1.15433,1
135.966,0.127687,1
136.094,0.180265,1
136.274,0.11902,1
136.393,1.26643,1
137.66,0.17365,1
137.833,0.177632,1
138.011,1.12339,1
139.134,0.196304,1
139.331,1.67721,1
141.008,1.21613,1
142.224,1.20736,1
143.431,0.173941,1
143.605,1.20906,1
144.814,0.367853,1
145.182,0.406178,1
145.588,0.437619,1
146.026,0.290623,1
146.317,0.228697,1
146.545,0.229793,1
146.775,0.37109,1
147.146,0.288379,1
147.435,0.288216,1
147.723,0.288228,1
148.011,0.325072,1
148.336,1.24151,1
149.578,0.232298,1
149.81,0.17014,1
149.98,0.243909,1
150.224,0.232134,1
150.456,3.21048,1
153.667,0.346312,1
154.013,0.230674,1
154.244,0.413163,1
154.657,0.461202,1
155.118,0.508451,1
155.626,0.462335,1
156.089,1.3251,1
157.414,0.358587,1
157.772,0.345991,1
158.118,1.26527,1
159.384,1.26453,1
160.648,0.146407,1
160.795,3.15795,1
163.953,0.288629,1
164.241,0.29057,1
164.532,0.118357,1
164.65,0.167393,1
164.817,1.30126,1
166.119,0.230391,1
166.349,0.230692,1
166.58,0.403039,1
166.983,0.460965,1
167.444,0.406776,1
167.851,0.346338,1
168.197,1.11972,1
169.317,0.120691,1
169.437,0.119322,1
169.557,0.213119,1
169.77,1.22055,1
170.99,0.23118,1
171.222,1.18926,1
172.411,1.21088,1
173.622,0.162218,1
173.784,1.13234,1
174.916,0.123709,1
175.04,0.239313,1
175.279,3.14519,1
178.424,0.226298,1
178.651,0.182787,1
178.834,0.132065,1
178.966,0.120217,1
179.086,3.1763,1
182.262,0.119024,1
182.381,0.123082,1
182.504,1.17237,1
183.677,0.259547,1
183.936,0.345028,1
184.281,0.230875,1
184.512,0.230155,1
184.742,0.287919,1
185.03,0.287854,1
185.318,0.402896,1
185.721,7.21035,1
192.931,0.172575,1
193.104,3.21521,1
196.319,0.344134,1
196.663,0.381897,1
197.045,7.18533,1
204.23,3.19635,1
207.427,1.33719,1
208.764,1.19214,1
209.956,1.17014,1
211.126,0.175733,1
211.302,1.16022,1
212.462,0.176272,1
212.638,0.3386,1
212.977,1.1312,1
214.108,1.15313,1
215.261,0.231218,1
215.493,1.2431,1
216.736,0.172516,1
216.908,0.173102,1
217.081,0.151014,1
217.232,0.120856,1
217.353,0.172618,1
217.526,1.22452,1
218.75,1.16203,1
219.912,0.312382,1
220.225,0.172931,1
220.398,0.177726,1
220.575,0.229343,1
220.805,7.17761,1
227.982,1.21384,1
229.196,0.220194,1
229.416,0.288247,1
229.705,0.230753,1
229.935,0.241688,1
230.177,7.29773,1
237.475,0.117672,1
237.592,0.172869,1
237.765,0.205675,1
237.971,0.226695,1
238.198,1.3207,1
239.518,1.13268,1
240.651,0.237333,1
240.888,1.18246,1
242.071,0.126362,1
242.197,0.161089,1
242.358,0.20081,1
242.559,0.161916,1
242.721,1.18081,1
243.902,3.14261,1
247.044,0.13415,1
247.179,0.149268,1
247.328,1.13001,1
248.458,0.170524,1
248.628,0.119837,1
248.748,0.123279,1
248.872,0.170507,1
249.042,7.15521,1
13.1939,1.55826,1
14.7521,1.49826,1
16.2504,2.59624,1
18.8466,1.32626,1
20.1729,1.266,1
21.4389,1.38694,1
22.8258,1.61822,1
24.4441,1.44294,1
25.887,2.36583,1
28.2528,21.959,1
50.2118,1.49701,1
51.7089,2.19171,1
53.9006,1.33023,1
55.2308,2.30639,1
57.5372,0.780422,0
58.3176,1.25687,1
59.5745,2.39062,1
61.9651,1.26693,1
63.232,1.04071,1
64.2727,2.01854,1
66.2913,4.10376,1
70.3951,2.07423,1
72.4693,1.09854,1
73.5678,1.33121,1
74.899,1.03895,1
75.938,1.21429,1
77.1523,0.923053,1
78.0753,1.09673,1
79.1721,0.981534,1
80.1536,1.14962,1
81.3032,4.38188,1
85.6851,1.09539,1
86.7805,2.19351,1
88.974,1.21127,1
90.1853,4.31829,1
94.5036,1.55591,1
96.0595,1.38557,1
97.445,1.09591,1
98.5409,1.15943,1
99.7004,1.15147,1
100.852,2.2475,1
103.099,1.21365,1
104.313,1.15381,1
105.467,1.04009,1
106.507,1.20982,1
107.717,2.1346,1
109.851,1.03875,1
110.89,4.15795,1
115.048,1.15337,1
116.201,3.98112,1
120.182,1.26473,1
121.447,1.09632,1
122.544,1.1541,1
123.698,1.32707,1
125.025,0.152419,1
125.177,0.118662,1
125.296,0.119738,1
125.416,1.80509,1
127.221,0.576615,1
127.797,0.285187,1
128.082,0.119361,1
128.202,1.20968,1
129.411,0.11818,1
129.53,0.233283,1
129.763,0.343523,1
130.106,0.464745,1
130.571,0.513132,1
131.084,0.353145,1
131.437,0.346778,1
131.784,1.26742,1
133.052,0.228959,1
133.281,3.16645,1
136.447,0.175767,1
136.623,1.21553,1
137.838,0.224774,1
138.063,0.345718,1
138.409,0.186495,1
138.595,0.12133,1
138.717,1.36702,1
140.084,0.461532,1
140.545,0.575866,1
141.121,1.21807,1
142.339,0.45434,1
142.794,7.36023,1
150.154,3.22937,1
153.383,0.173972,1
153.557,0.285738,1
153.843,1.49635,1
155.339,0.402221,1
155.741,7.13968,1
162.881,0.123086,1
163.004,1.21118,1
164.215,0.172819,1
164.388,3.51619,1
167.904,7.25886,1
175.163,0.179117,1
175.342,0.120597,1
175.463,0.278007,1
175.741,1.15199,1
176.893,0.119875,1
177.013,0.176476,1
177.189,1.22998,1
178.419,1.31286,1
179.732,1.17074,1
180.903,1.18097,1
182.084,3.4451,1
185.529,0.402063,1
185.931,0.250386,1
186.181,0.326552,1
186.508,0.289003,1
186.797,0.461038,1
187.258,0.46133,1
187.719,0.365534,1
188.085,0.387457,1
188.472,0.404781,1
188.877,3.3669,1
192.244,3.2034,1
195.447,3.21646,1
198.664,0.227495,1
198.891,0.345772,1
199.237,1.12001,1
200.357,0.117561,1
200.475,0.11863,1
200.593,0.180029,1
200.773,0.230882,1
201.004,1.20941,1
202.214,0.288231,1
202.502,0.349516,1
202.851,0.399347,1
203.251,1.12077,1
204.372,1.13446,1
205.506,0.217013,1
205.723,0.187952,1
205.911,0.288108,1
206.199,0.345428,1
206.545,1.23528,1
207.78,0.172659,1
207.952,0.24276,1
208.195,0.279292,1
208.475,1.17851,1
209.653,0.124451,1
209.777,1.17284,1
210.95,0.119003,1
211.069,0.174975,1
211.244,3.20309,1
214.447,0.230615,1
214.678,0.120041,1
214.798,1.12982,1
215.928,0.172668,1
216.101,0.2337,1
216.334,1.12613,1
217.46,1.2902,1
218.751,0.228344,1
218.979,0.125028,1
219.104,0.279683,1
219.384,7.29199,1
226.676,0.288508,1
226.964,1.30612,1
228.27,0.218911,1
228.489,0.118831,1
228.608,0.231525,1
228.839,0.18376,1
229.023,1.32939,1
230.353,0.458153,1
230.811,0.39118,1
231.202,0.357699,1
231.56,1.1968,1
232.756,3.14766,1
235.904,3.26045,1
239.165,0.237217,1
239.402,0.242473,1
239.644,0.22781,1
239.872,1.13848,1
241.011,0.118878,1
241.129,0.167706,1
241.297,0.234413,1
241.532,0.136973,1
241.669,1.12726,1
242.796,1.20301,1
243.999,0.133637,1
244.132,1.21498,1
245.347,0.118246,1
245.466,0.124363,1
245.59,0.251034,1
245.841,0.121624,1
245.963,0.18312,1
246.146,1.13984,1
247.286,1.16496,1
248.451,0.179855,1
248.63,0.175625,1
248.806,0.119493,1
248.926,0.12007,1
249.046,0.11968,1
249.165,0.171537,1
249.337,1.13253,1
10.0744,1.67537,1
11.7498,1.49959,1
13.2494,1.55981,1
14.8092,1.49843,1
16.3076,1.55948,1
17.8671,1.556,1
19.4231,2.30655,1
21.7297,1.61869,1
23.3483,2.42628,1
25.7746,1.38016,1
27.1548,23.1728,1
50.3276,1.49633,1
51.824,1.26973,1
53.0937,2.30877,1
55.4025,1.50109,1
56.9036,1.4005,0
58.304,1.09793,1
59.402,4.17653,1
63.5785,1.96241,1
65.5409,1.03926,1
66.5802,4.16161,1
70.7418,1.1505,1
71.8923,2.08132,1
73.9736,1.15648,1
75.1301,1.04071,1
76.1708,4.03789,1
80.2087,1.15214,1
81.3608,1.20762,1
82.5685,1.214,1
83.7825,1.21083,1
84.9933,1.09555,1
86.0888,2.19123,1
88.2801,1.21329,1
89.4934,1.43914,1
90.9325,2.13067,1
93.0632,1.15428,1
94.2175,1.4965,1
95.7139,2.24819,1
97.9621,2.13892,1
100.101,1.09637,1
101.197,1.09518,1
102.293,4.0414,1
106.334,2.01893,1
108.353,1.1525,1
109.505,1.03937,1
110.545,1.03694,1
111.582,2.25633,1
113.838,1.09773,1
114.936,1.21063,1
116.146,0.980331,1
117.127,1.09462,1
118.221,1.09563,1
119.317,0.980143,1
120.297,1.20718,1
121.504,2.13547,1
123.64,1.32689,1
124.967,1.09772,1
126.064,1.13433,1
127.199,0.539436,1
127.738,1.26945,1
129.008,0.140431,1
129.148,0.148315,1
129.296,0.117782,1
129.414,0.227832,1
129.642,0.288783,1
129.931,0.345749,1
130.277,0.410394,1
130.687,0.457457,1
131.144,1.38958,1
132.534,1.27018,1
133.804,1.1834,1
134.988,0.22826,1
135.216,3.42376,1
138.64,0.195403,1
138.835,3.21573,1
142.051,1.12922,1
143.18,1.42577,1
144.606,0.403373,1
145.009,3.2352,1
148.244,0.17292,1
148.417,0.149777,1
148.567,0.32044,1
148.887,0.198257,1
149.086,0.172781,1
149.258,0.238113,1
149.497,1.19292,1
150.69,1.15031,1
151.84,0.122827,1
151.963,0.125911,1
152.089,1.23093,1
153.319,0.122908,1
153.442,0.290382,1
153.733,0.288666,1
154.021,0.404444,1
154.426,0.336763,1
154.763,0.471038,1
155.234,0.517602,1
155.751,1.2731,1
157.024,0.331999,1
157.356,0.300552,1
157.657,0.391896,1
158.049,0.287727,1
158.337,0.243446,1
158.58,1.26505,1
159.845,0.184865,1
160.03,0.177678,1
160.208,7.35493,1
167.563,1.37795,1
168.94,0.118652,1
169.059,1.18134,1
170.24,0.231095,1
170.472,0.17377,1
170.645,1.21035,1
171.856,0.178416,1
172.034,0.28845,1
172.323,0.261777,1
172.584,0.232926,1
172.817,0.198041,1
173.015,1.16163,1
174.177,0.184402,1
174.361,1.15917,1
175.521,0.173751,1
175.694,0.278919,1
175.973,1.15848,1
177.132,1.17545,1
178.307,0.175207,1
178.482,1.1747,1
179.657,0.247776,1
179.905,1.22132,1
181.126,0.232639,1
181.359,0.122284,1
181.481,1.1254,1
182.606,0.11915,1
182.726,0.118959,1
182.845,0.117371,1
182.962,0.119508,1
183.081,0.132282,1
183.214,0.173783,1
183.387,1.18214,1
184.57,1.47635,1
186.046,0.346378,1
186.392,1.44285,1
187.835,1.4464,1
189.282,1.29177,1
190.573,0.277548,1
190.851,1.44472,1
192.296,1.21756,1
193.513,0.233484,1
193.747,1.21575,1
194.962,0.131664,1
195.094,1.31683,1
196.411,0.367412,1
196.778,3.25215,1
200.03,0.123214,1
200.154,0.137362,1
200.291,0.120368,1
200.411,1.34136,1
201.753,0.229256,1
201.982,0.177807,1
202.16,0.173365,1
202.333,0.172842,1
202.506,0.342112,1
202.848,1.20929,1
204.057,7.18148,1
211.239,0.172537,1
211.412,0.178733,1
211.59,1.32953,1
212.92,0.182266,1
213.102,0.336601,1
213.439,0.231099,1
213.67,0.355561,1
214.025,0.275446,1
214.301,0.204241,1
214.505,1.15995,1
215.665,7.14033,1
222.805,3.40908,1
226.214,7.2145,1
233.429,7.15741,1
240.586,0.237834,1
240.824,1.13071,1
241.955,0.173202,1
242.128,1.1557,1
243.284,3.22609,1
246.51,0.166514,1
246.676,0.118077,1
246.794,0.194214,1
246.989,1.15924,1
248.148,0.12415,1
248.272,0.124458,1
248.396,3.13343,1
10.1322,4.56214,1
14.6944,4.61342,1
19.3078,2.24563,1
21.5534,1.50485,1
23.0583,1.6163,1
24.6746,1.50087,1
26.1754,1.38295,1
27.5584,21.615,1
49.1734,2.4778,1
51.6512,1.38703,1
53.0382,1.26489,1
54.3031,2.42727,1
56.7304,1.75504,0
58.4854,0.165258,1
58.6507,0.808735,1
59.4594,2.38807,1
61.8475,1.26877,1
63.1163,1.04326,1
64.1595,1.09551,1
65.255,0.978095,1
66.2331,1.90668,1
68.1398,1.09486,1
69.2347,1.04492,1
70.2796,4.21763,1
74.4972,2.25039,1
76.7476,1.03919,1
77.7868,0.981839,1
78.7687,1.09477,1
79.8634,1.20924,1
81.0727,1.09145,1
82.1641,1.27075,1
83.4349,1.32841,1
84.7633,2.19055,1
86.9538,1.21319,1
88.167,2.362,1
90.529,1.20754,1
91.7365,1.0399,1
92.7764,1.09341,1
93.8699,1.5565,1
95.4264,1.32396,1
96.7503,2.07818,1
98.8285,2.08116,1
100.91,1.09682,1
102.006,2.24854,1
104.255,1.15395,1
105.409,1.04063,1
106.45,1.21017,1
107.66,2.07691,1
109.737,2.0768,1
111.813,1.03605,1
112.85,2.14098,1
114.991,2.02004,1
117.011,4.26357,1
121.274,2.25026,1
123.524,1.13483,1
124.659,1.11573,1
125.775,0.121263,1
125.896,0.119058,1
126.015,1.12578,1
127.141,0.118302,1
127.259,1.13095,1
128.39,1.19452,1
129.585,0.288177,1
129.873,0.409118,1
130.282,0.399285,1
130.681,7.2667,1
137.948,0.172539,1
138.121,0.346171,1
138.467,0.403191,1
138.87,0.118697,1
138.989,1.50111,1
140.49,1.15574,1
141.646,1.12813,1
142.774,1.17716,1
143.951,0.230608,1
144.181,0.30887,1
144.49,1.44489,1
145.935,1.24214,1
147.177,0.230239,1
147.408,0.257812,1
147.665,1.19224,1
148.858,0.170545,1
149.028,0.260701,1
149.289,0.265414,1
149.554,0.125536,1
149.68,0.198327,1
149.878,0.332768,1
150.211,0.187747,1
150.399,1.17393,1
151.573,0.208736,1
151.781,1.13378,1
152.915,0.23082,1
153.146,0.179182,1
153.325,1.50434,1
154.829,0.452071,1
155.282,0.402506,1
155.684,0.357049,1
156.041,0.393472,1
156.435,0.287683,1
156.722,15.2487,1
171.971,0.121255,1
172.092,3.19268,1
175.285,0.119758,1
175.405,0.176108,1
175.581,1.12796,1
176.709,1.18766,1
177.896,0.230298,1
178.127,0.122412,1
178.249,0.228228,1
178.477,0.123166,1
178.6,1.1725,1
179.773,1.18014,1
180.953,1.1318,1
182.085,0.120535,1
182.205,3.49407,1
185.699,1.38545,1
187.085,0.366764,1
187.452,0.4982,1
187.95,0.251132,1
188.201,0.403615,1
188.605,0.525476,1
189.13,7.24441,1
196.375,0.325016,1
196.7,3.15879,1
199.858,0.134416,1
199.993,0.121772,1
200.115,0.119363,1
200.234,0.118929,1
200.353,0.121067,1
200.474,0.177491,1
200.651,0.121883,1
200.773,0.172635,1
200.946,0.287735,1
201.234,0.232776,1
201.466,7.35779,1
208.824,7.30881,1
216.133,0.171024,1
216.304,0.174925,1
216.479,0.198909,1
216.678,0.148148,1
216.826,0.13987,1
216.966,3.31675,1
220.283,3.20314,1
223.486,0.11979,1
223.606,0.167569,1
223.773,0.120362,1
223.894,0.118956,1
224.012,0.173576,1
224.186,0.238255,1
224.424,1.33169,1
225.756,0.288402,1
226.044,0.404972,1
226.449,0.227747,1
226.677,0.118262,1
226.795,0.226031,1
227.021,3.2703,1
230.292,0.392237,1
230.684,3.23656,1
233.921,1.15999,1
235.08,0.249976,1
235.33,0.119095,1
235.45,0.118813,1
235.568,15.1352,1
10.9965,2.54414,1
13.5407,2.53681,1
16.0775,1.55881,1
17.6363,1.55613,1
19.1924,1.38296,1
20.5754,1.26919,1
21.8445,1.61902,1
23.4636,2.48105,1
25.9446,2.42345,1
28.3681,21.4425,1
49.8106,4.20508,1
54.0156,2.42551,1
56.4411,21.0404,0
77.4816,0.940908,1
78.4225,4.31862,1
82.7411,1.38631,1
84.1274,1.32762,1
85.4551,1.09463,1
86.5497,2.07869,1
88.6284,1.15238,1
89.7808,1.38139,1
91.1621,1.15083,1
92.313,1.04074,1
93.3537,1.37988,1
94.7336,2.36328,1
97.0969,2.13598,1
99.2329,1.15737,1
100.39,1.03821,1
101.428,2.19242,1
103.621,1.09647,1
104.717,1.09628,1
105.814,1.15735,1
106.971,4.09191,1
111.063,15.1518,1
126.215,1.16325,1
127.378,1.18558,1
128.563,0.172676,1
128.736,1.31293,1
130.049,0.466969,1
130.516,0.511083,1
131.027,0.294378,1
131.322,1.26756,1
132.589,0.173569,1
132.763,0.173656,1
132.936,7.4937,1
140.43,1.49856,1
141.929,0.577701,1
142.506,1.34855,1
143.855,21.0342,0
164.889,0.118528,1
165.008,0.156098,1
165.164,0.118223,1
165.282,1.3553,1
166.637,0.460594,1
167.098,0.233442,1
167.331,0.347122,1
167.678,0.45611,1
168.134,0.404114,1
168.539,0.236979,1
168.775,7.23762,1
176.013,1.19079,1
177.204,1.16095,1
178.365,1.11826,1
179.483,1.12379,1
180.607,0.173703,1
180.781,0.178837,1
180.959,0.224432,1
181.184,0.122191,1
181.306,0.174986,1
181.481,0.119621,1
181.601,0.118507,1
181.719,0.173563,1
181.893,0.131208,1
182.024,0.119672,1
182.144,1.12806,1
183.272,0.204174,1
183.476,1.30123,1
184.777,0.31079,1
185.088,3.44182,1
188.53,0.484606,1
189.014,1.3263,1
190.341,0.336345,1
190.677,0.291258,1
190.968,3.30501,1
194.273,15.1613,1
209.435,0.161029,1
209.596,1.21965,1
210.815,0.132261,1
210.947,0.11874,1
211.066,0.118591,1
211.185,0.174696,1
211.359,0.11827,1
211.478,0.230671,1
211.708,1.32587,1
213.034,0.344743,1
213.379,0.240867,1
213.62,3.23281,1
216.853,1.12617,1
217.979,0.131697,1
218.111,0.119459,1
218.23,0.174101,1
218.404,0.173046,1
218.577,0.228482,1
218.806,7.3525,1
226.158,1.26712,1
227.425,0.192572,1
227.618,1.28147,1
228.899,0.181442,1
229.081,0.230665,1
229.311,1.38367,1
230.695,1.31185,1
232.007,15.1437,1
247.151,0.119551,1
247.27,1.15359,1
248.424,0.118044,1
248.542,0.204546,1
248.746,0.125228,1
248.872,0.228328,1
249.1,1.12144,1
12.3269,1.5601,1
13.887,1.61476,1
15.5018,1.49738,1
16.9991,1.61747,1
18.6166,1.32607,1
19.9427,1.26561,1
21.2083,1.15515,1
22.3634,1.67773,1
24.0412,1.32881,1
25.37,1.55367,1
26.9237,1.38673,1
28.3104,22.2473,1
50.5577,1.49683,1
52.0545,2.30648,1
54.361,2.48451,1
56.8455,1.35606,0
58.2016,1.14272,1
59.3443,1.22906,1
60.5734,1.33161,1
61.905,1.26912,1
63.1741,1.04134,1
64.2154,1.95996,1
66.1754,1.09887,1
67.2743,2.07494,1
69.3492,2.14213,1
71.4913,1.09055,1
72.5819,1.10176,1
73.6837,1.91065,1
75.5943,8.36083,1
83.9551,1.26951,1
85.2246,4.21085,1
89.4355,1.38153,1
90.817,1.14994,1
91.967,1.15331,1
93.1203,1.20996,1
94.3302,1.55629,1
95.8865,1.32802,1
97.2145,1.15286,1
98.3674,1.16047,1
99.5279,2.13269,1
101.661,1.20798,1
102.869,1.15591,1
104.024,1.1536,1
105.178,2.19351,1
107.372,1.03875,1
108.41,1.15263,1
109.563,1.03862,1
110.602,4.10102,1
114.703,1.96323,1
116.666,1.09447,1
117.76,1.03833,1
118.799,2.12993,1
120.929,0.980692,1
121.909,2.249,1
124.158,3.15869,1
127.317,0.123611,1
127.441,1.33506,1
128.776,1.39113,1
130.167,0.343651,1
130.51,3.29236,1
133.803,0.172224,1
133.975,3.28393,1
137.259,0.228139,1
137.487,0.119774,1
137.607,3.13637,1
140.743,1.41591,1
142.159,3.29006,1
145.449,0.346557,1
145.796,0.402973,1
146.199,1.29357,1
147.492,0.348256,1
147.84,3.21286,1
151.053,0.257529,1
151.311,1.18136,1
152.492,0.119397,1
152.612,0.1719,1
152.784,0.189833,1
152.973,0.118107,1
153.091,1.44028,1
154.532,3.47137,1
158.003,0.275903,1
158.279,0.230375,1
158.509,0.237679,1
158.747,0.173108,1
158.92,0.287566,1
159.208,0.417076,1
159.625,1.197,1
160.822,0.119577,1
160.941,0.120063,1
161.061,0.118046,1
161.18,0.138279,1
161.318,0.13794,1
161.456,0.173238,1
161.629,0.229639,1
161.859,0.118122,1
161.977,1.14162,1
163.118,0.119577,1
163.238,0.232304,1
163.47,0.119279,1
163.59,0.17396,1
163.764,7.28523,1
171.049,0.230368,1
171.279,1.24678,1
172.526,0.231257,1
172.757,0.172834,1
172.93,1.13231,1
174.062,1.27403,1
175.336,1.19682,1
176.533,0.186683,1
176.72,1.18187,1
177.902,0.282851,1
178.185,0.118783,1
178.303,1.12025,1
179.424,0.118589,1
179.542,7.33425,1
186.876,0.402091,1
187.279,0.403067,1
187.682,1.54354,1
189.225,0.251559,1
189.477,1.32517,1
190.802,0.281447,1
191.083,0.229195,1
191.313,0.28865,1
191.601,0.405318,1
192.006,0.346722,1
192.353,0.28911,1
192.642,1.2781,1
193.92,0.287553,1
194.208,1.12374,1
195.332,0.173484,1
195.505,0.288396,1
195.794,0.17523,1
195.969,0.231008,1
196.2,1.3058,1
197.506,1.31787,1
198.823,0.29882,1
199.122,0.274777,1
199.397,0.232319,1
199.629,0.127315,1
199.757,0.15876,1
199.915,1.26282,1
201.178,0.343569,1
201.522,3.15136,1
204.673,0.173772,1
204.847,1.29717,1
206.144,1.22515,1
207.369,1.18727,1
208.557,1.12299,1
209.68,0.121883,1
209.801,0.265168,1
210.067,0.196978,1
210.264,0.320358,1
210.584,15.3412,1
225.925,0.347212,1
226.272,0.289642,1
226.562,0.286153,1
226.848,0.121094,1
226.969,0.119089,1
227.088,0.221476,1
227.31,0.135702,1
227.446,0.152385,1
227.598,1.18361,1
228.782,1.3378,1
230.119,0.403589,1
230.523,0.391835,1
230.915,0.414444,1
231.329,0.405909,1
231.735,0.331568,1
232.067,0.126884,1
232.194,1.17762,1
233.371,0.228671,1
233.6,0.201947,1
233.802,3.27174,1
237.074,1.15299,1
238.227,0.172801,1
238.399,0.318392,1
238.718,0.209813,1
238.928,0.251482,1
239.179,0.288403,1
239.467,0.231824,1
239.699,0.229952,1
239.929,3.1329,1
243.062,3.13963,1
246.202,0.174053,1
246.376,1.12891,1
247.505,3.13618,1
10.593,1.62078,1
12.2138,4.49721,1
16.711,1.61915,1
18.3301,4.38065,1
22.7108,1.61798,1
24.3288,1.38454,1
25.7133,2.2507,1
27.964,22.479,1
50.443,1.49595,1
51.9389,8.09796,1
60.0369,0.190969,1
60.2278,1.2735,1
61.5014,8.14389,1
69.6452,2.07575,1
71.721,1.09409,1
72.8151,1.04186,1
73.8569,1.15757,1
75.0145,0.98194,1
75.9965,1.21361,1
77.2101,0.922627,1
78.1327,8.12882,1
86.2615,1.1556,1
87.4171,1.09694,1
88.5141,2.47387,1
90.9879,1.1524,1
92.1403,2.24867,1
94.389,1.55758,1
95.9466,1.32307,1
97.2697,1.15568,1
98.4253,4.15538,1
102.581,1.15572,1
103.736,1.21341,1
104.95,1.15627,1
106.106,15.9761,1
122.082,1.1535,1
123.236,1.26865,1
124.504,3.13763,1
127.642,1.20983,1
128.852,0.271127,1
129.123,0.195877,1
129.319,1.42054,1
130.739,1.38822,1
132.128,1.26951,1
133.397,3.12838,1
136.525,0.155165,1
136.681,0.171622,1
136.852,0.124331,1
136.977,0.119572,1
137.096,0.275976,1
137.372,1.16347,1
138.536,0.119518,1
138.655,0.235569,1
138.891,0.32484,1
139.216,0.118909,1
139.334,0.174227,1
139.509,0.172082,1
139.681,1.55568,1
141.236,1.21863,1
142.455,1.28386,1
143.739,0.231228,1
143.97,0.268857,1
144.239,0.424255,1
144.663,0.324909,1
144.988,0.36884,1
145.357,1.27042,1
146.627,0.403524,1
147.031,0.230674,1
147.262,0.2615,1
147.523,0.289372,1
147.813,0.287247,1
148.1,3.27157,1
151.371,0.118387,1
151.49,0.119148,1
151.609,0.117401,1
151.726,1.17219,1
152.898,0.189974,1
153.088,0.175364,1
153.264,3.34308,1
156.607,0.299711,1
156.907,1.25731,1
158.164,0.288267,1
158.452,0.124581,1
158.577,1.20788,1
159.785,0.187779,1
159.972,0.119299,1
160.092,0.153136,1
160.245,0.232775,1
160.478,0.144149,1
160.622,0.142906,1
160.765,0.119224,1
160.884,0.145409,1
161.029,0.119051,1
161.148,0.128628,1
161.277,0.118524,1
161.396,0.118249,1
161.514,0.172451,1
161.686,0.229922,1
161.916,0.119249,1
162.035,0.123366,1
162.159,1.19543,1
163.354,1.29066,1
164.645,1.12873,1
165.774,0.171721,1
165.945,1.44032,1
167.386,3.20224,1
170.588,0.172483,1
170.76,0.230775,1
170.991,1.21635,1
172.207,0.172913,1
172.38,0.288252,1
172.669,1.28852,1
173.957,0.162537,1
174.12,0.184044,1
174.304,1.26381,1
175.568,0.233153,1
175.801,0.154657,1
175.955,0.230812,1
176.186,0.23117,1
176.417,1.14038,1
177.558,3.16519,1
180.723,0.12195,1
180.845,1.12188,1
181.967,1.17195,1
183.139,3.33128,1
186.47,7.22113,1
193.691,0.288792,1
193.98,3.35285,1
197.333,1.31597,1
198.649,3.21863,1
201.867,0.232935,1
202.1,0.286641,1
202.387,0.23394,1
202.621,1.26347,1
203.884,0.230604,1
204.115,1.19897,1
205.314,0.163345,1
205.477,0.190144,1
205.667,0.173282,1
205.841,0.243136,1
206.084,1.22747,1
207.311,1.13029,1
208.442,0.174876,1
208.617,1.12812,1
209.745,0.173873,1
209.919,0.205287,1
210.124,0.171606,1
210.295,0.143971,1
210.439,0.124699,1
210.564,3.2888,1
213.853,1.18161,1
215.034,15.4308,1
230.465,0.460483,1
230.926,0.461595,1
231.387,0.403792,1
231.791,0.329751,1
232.121,0.304631,1
232.426,0.229658,1
232.655,0.223702,1
232.879,1.21579,1
234.095,0.255489,1
234.35,0.288615,1
234.639,0.230681,1
234.869,1.16231,1
236.032,0.198618,1
236.23,0.230236,1
236.461,0.205452,1
236.666,0.25483,1
236.921,0.267776,1
237.189,0.228343,1
237.417,3.17727,1
240.594,0.174839,1
240.769,7.26273,1
248.032,21.0311,0
10.363,1.61792,1
11.981,1.50191,1
13.4829,1.55792,1
15.0408,1.38413,1
16.4249,1.55714,1
17.9821,1.55612,1
19.5382,1.26716,1
20.8053,2.60078,1
23.4061,1.44129,1
24.8474,1.55846,1
26.4059,2.36966,1
28.7755,20.7441,1
49.5196,1.55562,1
51.0752,2.19146,1
53.2667,2.30927,1
55.5759,2.31052,1
57.8865,0.353919,0
58.2404,1.6803,1
59.9207,0.537606,1
60.4583,1.33155,1
61.7898,1.26866,1
63.0585,2.07922,1
65.1377,2.07616,1
67.2139,0.870532,1
68.0844,1.03452,1
69.1189,1.04821,1
70.1671,1.09222,1
71.2594,1.09227,1
72.3516,2.26029,1
74.6119,0.807145,1
75.4191,2.02101,1
77.4401,2.13534,1
79.5754,1.09423,1
80.6697,1.09182,1
81.7615,1.26953,1
83.031,1.32696,1
84.358,1.38481,1
85.7428,1.15335,1
86.8961,1.21056,1
88.1067,1.15818,1
89.2649,1.3197,1
90.5846,1.21038,1
91.7949,1.09482,1
92.8898,1.15452,1
94.0443,4.1526,1
98.1969,1.09321,1
99.2901,1.15829,1
100.448,1.03745,1
101.486,1.15225,1
102.638,1.15567,1
103.794,2.13495,1
105.929,1.15488,1
107.084,2.13397,1
109.218,1.09657,1
110.314,1.03691,1
111.351,0.924365,1
112.275,1.21438,1
113.49,4.09732,1
117.587,1.04061,1
118.628,1.03491,1
119.663,1.15154,1
120.814,0.979847,1
121.794,1.20894,1
123.003,1.21554,1
124.219,1.26793,1
125.486,1.03935,1
126.526,3.28981,1
129.816,3.23438,1
133.05,0.172887,1
133.223,1.18567,1
134.409,1.26239,1
135.671,1.12115,1
136.792,0.124262,1
136.916,0.167885,1
137.084,0.18789,1
137.272,0.119468,1
137.392,0.210862,1
137.602,1.1725,1
138.775,3.21772,1
141.993,0.570685,1
142.563,1.35006,1
143.913,0.155758,1
144.069,0.342963,1
144.412,0.172223,1
144.584,1.40866,1
145.993,0.404108,1
146.397,0.205746,1
146.603,0.370706,1
146.974,1.30181,1
148.275,0.200063,1
148.475,0.151465,1
148.627,0.171058,1
148.798,0.201857,1
149,0.143526,1
149.143,0.319129,1
149.462,0.287467,1
149.75,1.32804,1
151.078,0.206251,1
151.284,1.15039,1
152.435,0.175386,1
152.61,3.4212,1
156.031,0.345259,1
156.376,1.32722,1
157.704,1.15897,1
158.863,0.230147,1
159.093,0.416716,1
159.51,3.13623,1
162.646,0.120956,1
162.767,1.12787,1
163.895,0.230668,1
164.125,1.15539,1
165.281,0.173676,1
165.454,1.30111,1
166.755,1.55209,1
168.308,0.236014,1
168.544,0.29237,1
168.836,1.22757,1
170.064,0.119016,1
170.183,1.27102,1
171.454,0.176939,1
171.63,0.173358,1
171.804,0.224367,1
172.028,0.237,1
172.265,0.203081,1
172.468,0.233496,1
172.702,0.198193,1
172.9,0.318466,1
173.218,0.160627,1
173.379,0.184897,1
173.564,7.15896,1
180.723,3.24262,1
183.966,0.231205,1
184.197,0.257279,1
184.454,7.37969,1
191.834,0.294647,1
192.128,1.17466,1
193.303,1.20196,1
194.505,0.168555,1
194.674,3.13999,1
197.814,0.117681,1
197.931,0.17003,1
198.101,0.201832,1
198.303,0.127538,1
198.431,0.175413,1
198.606,3.20386,1
201.81,21.03,0
222.84,0.11861,1
222.958,1.12241,1
224.081,0.118644,1
224.2,0.17335,1
224.373,0.282096,1
224.655,0.235437,1
224.89,0.166897,1
225.057,0.351806,1
225.409,0.288956,1
225.698,0.345871,1
226.044,0.345207,1
226.389,0.230593,1
226.62,1.19048,1
227.81,0.15841,1
227.969,0.244239,1
228.213,0.216984,1
228.43,0.128976,1
228.559,0.164732,1
228.724,0.187051,1
228.911,0.21731,1
229.128,1.3845,1
230.512,0.34489,1
230.857,1.22149,1
232.079,0.1724,1
232.251,0.158571,1
232.41,0.175936,1
232.586,0.230535,1
232.816,0.232864,1
233.049,1.21946,1
234.269,0.173428,1
234.442,0.312355,1
234.754,0.150705,1
234.905,1.18478,1
236.09,0.230356,1
236.32,1.2119,1
237.532,0.175506,1
237.708,0.143558,1
237.851,0.236955,1
238.088,0.226973,1
238.315,0.287667,1
238.603,0.209808,1
238.813,0.251408,1
239.064,3.23662,1
242.301,0.119731,1
242.42,0.196842,1
242.617,1.13568,1
243.753,0.123938,1
243.877,0.183491,1
244.06,0.119986,1
244.18,0.118965,1
244.299,3.17264,1
247.472,1.21896,1
248.691,1.18934,1
249.88,1.13131,1
10.1901,1.61766,1
11.8077,1.49909,1
13.3068,1.56093,1
14.8678,1.49743,1
16.3652,1.55921,1
17.9244,1.55641,1
19.4808,1.26708,1
20.7479,1.21243,1
21.9603,1.56153,1
23.5219,1.44181,1
24.9637,2.30667,1
27.2703,1.38804,1
28.6584,20.4571,1
49.1155,2.47779,1
51.5933,1.32752,1
52.9208,1.26707,1
54.1879,1.27285,1
55.4607,2.3065,1
57.7672,0.546778,0
58.314,0.971954,1
59.2859,4.1772,1
63.4631,1.15533,1
64.6185,0.980603,1
65.5991,1.9613,1
67.5604,0.927457,1
68.4878,4.03675,1
72.5246,8.08721,1
80.6118,1.09238,1
81.7042,1.26931,1
82.9735,1.32685,1
84.3003,1.32712,1
85.6275,1.03783,1
86.6653,1.21125,1
87.8765,1.15507,1
89.0316,1.32364,1
90.3552,1.26608,1
91.6213,1.03728,1
92.6586,2.47962,1
95.1382,1.43973,1
96.578,2.07814,1
98.6561,1.15738,1
99.8135,2.07539,1
101.889,1.26828,1
103.157,1.21567,1
104.373,7.95843,1
112.331,1.21648,1
113.548,1.03885,1
114.587,1.90391,1
116.491,0.981531,1
117.472,0.980561,1
118.453,2.07383,1
120.526,4.32769,1
124.854,1.09498,1
125.949,0.922841,1
126.872,1.13351,1
128.005,3.25824,1
131.264,0.339489,1
131.603,1.21659,1
132.82,0.17204,1
132.992,0.17755,1
133.169,0.347672,1
133.517,0.23056,1
133.748,3.15971,1
136.907,0.119152,1
137.026,0.288014,1
137.314,0.135198,1
137.45,0.325586,1
137.775,1.32495,1
139.1,1.50258,1
140.603,0.575832,1
141.179,0.139187,1
141.318,0.438279,1
141.756,0.460716,1
142.217,1.15694,1
143.374,0.173962,1
143.548,1.40393,1
144.952,0.346291,1
145.298,0.463759,1
145.762,1.32711,1
147.089,0.230836,1
147.32,0.322005,1
147.642,0.312093,1
147.954,1.16172,1
149.115,0.230812,1
149.346,1.32737,1
150.674,0.349156,1
151.023,3.33595,1
154.359,1.50801,1
155.867,1.31648,1
157.183,3.23427,1
160.417,21.0394,0
181.457,1.16032,1
182.617,0.161798,1
182.779,1.35996,1
184.139,7.28951,1
191.428,0.348626,1
191.777,1.23461,1
193.012,3.16829,1
196.18,0.251883,1
196.432,0.325274,1
196.757,3.21639,1
199.974,1.32024,1
201.294,0.285333,1
201.579,0.230703,1
201.81,1.38326,1
203.193,0.403288,1
203.596,0.237219,1
203.834,0.289833,1
204.123,0.134071,1
204.257,0.177116,1
204.435,1.18632,1
205.621,0.173793,1
205.795,0.276462,1
206.071,0.300534,1
206.372,1.17741,1
207.549,0.119333,1
207.668,0.168916,1
207.837,0.172532,1
208.01,0.245588,1
208.255,0.277512,1
208.533,0.256487,1
208.789,0.230151,1
209.02,3.20725,1
212.227,0.119309,1
212.346,0.227655,1
212.574,0.288438,1
212.862,0.345221,1
213.208,1.12646,1
214.334,0.228344,1
214.562,0.118703,1
214.681,0.174355,1
214.855,0.123826,1
214.979,0.12566,1
215.105,1.14161,1
216.246,0.200581,1
216.447,0.202696,1
216.65,0.118539,1
216.768,0.173088,1
216.941,0.117905,1
217.059,0.137062,1
217.196,1.15076,1
218.347,0.228529,1
218.576,15.1995,1
233.775,1.19028,1
234.965,1.14966,1
236.115,3.22675,1
239.342,1.1331,1
240.475,0.118775,1
240.594,0.163053,1
240.757,0.183355,1
240.94,0.119028,1
241.059,0.128706,1
241.188,1.16821,1
242.356,21.0466,0
10.8243,1.67575,1
12.5001,1.6175,1
14.1176,1.5588,1
15.6764,2.59381,1
18.2702,4.26721,1
22.5374,1.6186,1
24.156,1.32689,1
25.4829,2.3078,1
27.7907,22.2479,1
50.0386,1.43963,1
51.4782,1.32738,1
52.8056,2.36722,1
55.1728,1.44465,1
56.6174,1.32649,1
57.9439,0.553908,0
58.4978,2.47939,1
60.9772,1.27566,1
62.2529,2.07745,1
64.3303,0.98076,1
65.3111,2.01848,1
67.3296,0.868357,1
68.1979,4.09598,1
72.2939,2.14543,1
74.4393,2.19341,1
76.6327,1.96277,1
78.5955,4.31913,1
82.9146,4.21308,1
87.1277,1.21046,1
88.3382,2.36366,1
90.7018,1.21032,1
91.9122,1.09303,1
93.0052,4.38277,1
97.388,1.09492,1
98.4829,1.10002,1
99.5829,1.21199,1
100.795,1.03621,1
101.831,1.21083,1
103.042,4.21673,1
107.259,8.25121,1
115.51,2.01981,1
117.53,2.01729,1
119.547,1.15206,1
120.699,2.13128,1
122.83,1.21255,1
124.043,1.33054,1
125.373,1.09507,1
126.468,3.23453,1
129.703,0.290845,1
129.994,1.37931,1
131.373,0.302672,1
131.676,0.27835,1
131.954,0.348984,1
132.303,3.2532,1
135.556,0.123318,1
135.68,0.171975,1
135.852,0.122003,1
135.974,0.168935,1
136.143,1.18687,1
137.329,0.215598,1
137.545,0.177217,1
137.722,0.28312,1
138.005,0.230547,1
138.236,0.46125,1
138.697,1.32898,1
140.026,1.17707,1
141.203,0.172168,1
141.375,0.498139,1
141.874,0.516968,1
142.391,0.17965,1
142.57,3.39859,1
145.969,3.26183,1
149.231,0.288821,1
149.519,1.26869,1
150.788,3.34017,1
154.128,0.355302,1
154.484,0.519403,1
155.003,1.32617,1
156.329,0.335315,1
156.664,0.30001,1
156.964,0.346267,1
157.311,0.230849,1
157.542,0.403573,1
157.945,0.276067,1
158.221,0.300117,1
158.521,0.290867,1
158.812,0.285843,1
159.098,1.20494,1
160.303,0.145632,1
160.449,0.258244,1
160.707,0.203366,1
160.91,1.18545,1
162.096,3.1277,1
165.223,0.173638,1
165.397,0.172522,1
165.57,0.14662,1
165.716,1.26751,1
166.984,1.43894,1
168.423,0.237126,1
168.66,15.3354,1
183.995,0.343935,1
184.339,1.43976,1
185.779,0.382794,1
186.162,0.365716,1
186.527,0.289811,1
186.817,0.345881,1
187.163,0.404139,1
187.567,7.2264,1
194.794,1.23217,1
196.026,0.212525,1
196.238,0.25157,1
196.49,0.403676,1
196.894,1.12147,1
198.015,1.39489,1
199.41,1.18054,1
200.59,15.1944,1
215.785,0.23106,1
216.016,0.258069,1
216.274,0.233086,1
216.507,0.285996,1
216.793,3.26189,1
220.055,0.121969,1
220.177,1.1285,1
221.305,0.11895,1
221.424,0.119696,1
221.544,0.172068,1
221.716,3.28945,1
225.006,0.229516,1
225.235,0.23194,1
225.467,0.227101,1
225.694,0.289417,1
225.984,0.347832,1
226.331,1.15175,1
227.483,0.250068,1
227.733,0.119942,1
227.853,0.173249,1
228.026,7.23262,1
235.259,0.119653,1
235.379,1.3141,1
236.693,0.26296,1
236.956,3.12844,1
240.084,1.14452,1
241.229,0.119222,1
241.348,1.15339,1
242.501,0.17323,1
242.675,0.179132,1
242.854,0.119733,1
242.973,1.1463,1
244.12,1.14187,1
245.262,0.122367,1
245.384,0.119444,1
245.503,0.162282,1
245.666,0.169888,1
245.836,1.21378,1
247.049,3.14005,1
10.2473,1.61822,1
11.8655,1.49908,1
13.3646,1.56344,1
14.9281,2.47295,1
17.401,1.61788,1
19.0189,1.32683,1
20.3457,1.26433,1
21.6101,1.56421,1
23.1743,1.61541,1
24.7897,1.55896,1
26.3486,1.32523,1
27.6739,21.9034,1
49.5772,1.5556,1
51.1328,1.38318,1
52.516,1.21114,1
53.7272,1.27177,1
54.9989,1.38713,1
56.3861,1.32321,1
57.7093,0.719366,0
58.4286,1.37635,1
59.805,1.40275,1
61.2078,1.27368,1
62.4814,1.15458,1
63.636,1.09785,1
64.7339,2.07702,1
66.8109,2.02019,1
68.8311,2.0829,1
70.914,1.2069,1
72.1209,1.1562,1
73.2771,1.10415,1
74.3812,2.19262,1
76.5739,4.15357,1
80.7274,1.09137,1
81.8188,1.2699,1
83.0887,2.30888,1
85.3976,1.09539,1
86.493,1.21042,1
87.7034,1.09801,1
88.8014,1.09469,1
89.8961,1.37946,1
91.2756,1.0953,1
92.3709,1.03805,1
93.4089,1.38338,1
94.7923,1.44033,1
96.2326,1.38316,1
97.6158,1.09776,1
98.7135,8.13924,1
106.853,1.152,1
108.005,1.0972,1
109.102,1.03744,1
110.139,1.09866,1
111.238,0.86496,1
112.103,1.20932,1
113.312,2.31219,1
115.625,0.923497,1
116.548,2.02017,1
118.568,1.03688,1
119.605,1.15201,1
120.757,2.18826,1
122.945,4.04217,1
126.988,1.12264,1
128.11,0.377699,1
128.488,1.21211,1
129.7,0.347604,1
130.048,0.408376,1
130.456,0.51369,1
130.97,0.17838,1
131.148,0.404749,1
131.553,0.404647,1
131.957,0.403306,1
132.361,1.32838,1
133.689,1.18116,1
134.87,0.172696,1
135.043,1.15845,1
136.201,0.129905,1
136.331,0.17692,1
136.508,0.132352,1
136.641,0.156962,1
136.798,1.15556,1
137.953,0.340479,1
138.294,0.463751,1
138.757,0.28535,1
139.043,0.149425,1
139.192,1.58319,1
140.775,3.23352,1
144.009,0.308423,1
144.317,1.50245,1
145.82,1.38414,1
147.204,0.261089,1
147.465,0.291879,1
147.757,0.28586,1
148.043,0.258782,1
148.301,0.148019,1
148.45,1.24272,1
149.692,0.243783,1
149.936,0.332734,1
150.269,0.289402,1
150.558,0.24448,1
150.803,1.15448,1
151.957,0.177875,1
152.135,0.119819,1
152.255,7.29998,1
159.555,3.15083,1
162.706,0.12282,1
162.828,0.118198,1
162.947,0.17264,1
163.119,0.176194,1
163.295,3.45688,1
166.752,0.288586,1
167.041,3.15342,1
170.194,0.219658,1
170.414,0.290146,1
170.704,0.229249,1
170.933,0.231164,1
171.165,0.287445,1
171.452,0.12126,1
171.573,3.13941,1
174.713,1.12224,1
175.835,0.293865,1
176.129,1.13273,1
177.262,0.118458,1
177.38,0.120151,1
177.5,0.123815,1
177.624,7.38198,1
185.006,0.405469,1
185.411,0.481792,1
185.893,1.48003,1
187.373,0.423636,1
187.797,0.442463,1
188.239,0.464483,1
188.704,1.23333,1
189.937,0.277053,1
190.214,3.23922,1
193.453,0.119644,1
193.573,0.171332,1
193.744,0.181929,1
193.926,1.15115,1
195.077,1.18032,1
196.258,0.28972,1
196.548,0.382708,1
196.93,0.309064,1
197.239,1.13345,1
198.373,1.2684,1
199.641,0.15936,1
199.8,1.20513,1
201.006,0.22795,1
201.234,1.38368,1
202.617,1.27426,1
203.892,0.281631,1
204.173,1.19626,1
205.369,1.34805,1
206.717,1.13226,1
207.85,0.217782,1
208.068,0.118942,1
208.186,0.230249,1
208.417,1.12137,1
209.538,1.16685,1
210.705,0.18442,1
210.889,0.118504,1
211.008,21.0481,0
232.056,1.28311,1
233.339,0.231357,1
233.57,0.173558,1
233.744,0.202742,1
233.947,0.172657,1
234.119,0.288588,1
234.408,0.288256,1
234.696,0.15109,1
234.847,3.29707,1
238.144,0.197985,1
238.342,0.319422,1
238.662,0.206539,1
238.868,0.123331,1
238.992,1.12695,1
240.119,0.118522,1
240.237,1.23514,1
241.472,0.136002,1
241.608,0.119952,1
241.728,3.1753,1
244.904,3.16211,1
248.066,0.118057,1
248.184,0.124296,1
248.308,1.15262,1
249.461,1.13907,1
10.9386,1.67681,1
12.6154,1.61707,1
14.2325,1.49882,1
15.7313,1.49684,1
17.2282,1.5609,1
18.789,2.30443,1
21.0935,1.21226,1
22.3057,1.67711,1
23.9828,2.59581,1
26.5787,2.37044,1
28.9491,20.109,1
49.0581,16.1374,1
65.1955,0.921758,1
66.1173,1.0416,1
67.1588,4.16057,1
71.3194,2.13191,1
73.4513,1.2755,1
74.7268,0.922671,1
75.6495,1.15618,1
76.8057,1.03842,1
77.8441,0.981934,1
78.826,1.09486,1
79.9209,2.13038,1
82.0513,2.36466,1
84.4159,1.38456,1
85.8005,4.15394,1
89.9544,2.13046,1
92.0849,2.18797,1
94.2729,1.5582,1
95.8311,4.15477,1
99.9858,1.03913,1
101.025,1.09503,1
102.12,1.26826,1
103.388,2.13676,1
105.525,2.24971,1
107.775,1.03964,1
108.814,2.0182,1
110.833,1.09708,1
111.93,1.03531,1
112.965,1.27511,1
114.24,8.07457,1
122.315,2.24733,1
124.562,0.154618,1
124.717,1.92454,1
126.641,0.634524,1
127.276,1.3275,1
128.603,1.27292,1
129.876,0.346225,1
130.222,0.343266,1
130.566,0.351507,1
130.917,0.400511,1
131.318,0.343753,1
131.661,3.26505,1
134.926,0.231383,1
135.158,0.227511,1
135.385,0.227935,1
135.613,0.180008,1
135.793,0.121193,1
135.914,0.17156,1
136.086,0.132396,1
136.218,3.17485,1
139.393,0.172286,1
139.566,0.348607,1
139.914,0.458045,1
140.372,0.690878,1
141.063,0.462086,1
141.525,0.179051,1
141.704,1.31915,1
143.023,0.11955,1
143.143,0.173131,1
143.316,0.191451,1
143.507,0.289332,1
143.797,0.289348,1
144.086,0.288682,1
144.375,0.40626,1
144.781,0.379927,1
145.161,0.230519,1
145.392,3.2626,1
148.654,1.16604,1
149.82,1.11793,1
150.938,0.174986,1
151.113,0.228284,1
151.341,1.21127,1
152.553,0.172691,1
152.725,0.134826,1
152.86,0.162027,1
153.022,1.27873,1
154.301,0.34618,1
154.647,0.415492,1
155.063,0.459407,1
155.522,1.32726,1
156.849,0.345762,1
157.195,1.26916,1
158.464,0.167904,1
158.632,0.235283,1
158.867,0.288155,1
159.156,0.41188,1
159.567,0.173731,1
159.741,0.273694,1
160.015,0.135102,1
160.15,0.173136,1
160.323,3.14034,1
163.463,0.13242,1
163.596,1.16983,1
164.766,1.23721,1
166.003,1.27058,1
167.273,0.457996,1
167.731,0.460718,1
168.192,1.18437,1
169.377,0.119035,1
169.496,0.158657,1
169.654,1.22087,1
170.875,0.233943,1
171.109,0.28682,1
171.396,1.24813,1
172.644,1.19756,1
173.842,0.233035,1
174.075,1.32195,1
175.397,0.227839,1
175.624,0.127635,1
175.752,0.277007,1
176.029,0.230568,1
176.26,0.216423,1
176.476,0.119326,1
176.595,1.18574,1
177.781,0.178123,1
177.959,3.2313,1
181.191,7.45525,1
188.646,0.463071,1
189.109,0.311143,1
189.42,0.213149,1
189.633,0.188977,1
189.822,1.3169,1
191.139,0.23924,1
191.378,0.289249,1
191.668,0.287923,1
191.955,0.403671,1
192.359,0.2309,1
192.59,21.0392,0
213.629,0.338315,1
213.968,3.14993,1
217.117,1.17101,1
218.288,0.174014,1
218.462,0.172523,1
218.635,0.231145,1
218.866,0.169873,1
219.036,0.17408,1
219.21,0.183361,1
219.393,0.173231,1
219.567,1.17708,1
220.744,0.12221,1
220.866,0.154436,1
221.02,0.177542,1
221.198,0.161949,1
221.36,0.122042,1
221.482,1.13372,1
222.616,1.21627,1
223.832,0.118676,1
223.951,3.19775,1
227.148,0.119209,1
227.268,0.12056,1
227.388,0.151882,1
227.54,1.19162,1
228.732,1.33019,1
230.062,0.335299,1
230.397,0.344438,1
230.742,0.299289,1
231.041,3.16926,1
234.21,0.371453,1
234.582,0.210339,1
234.792,0.250697,1
235.043,0.161285,1
235.204,1.19926,1
236.403,1.26867,1
237.672,0.124232,1
237.796,0.142274,1
237.938,0.179064,1
238.117,0.253178,1
238.371,0.204893,1
238.575,0.177395,1
238.753,1.1301,1
239.883,0.124716,1
240.008,0.134328,1
240.142,3.20469,1
243.347,0.274226,1
243.621,1.14448,1
244.765,0.124612,1
244.89,0.120879,1
245.011,0.13357,1
245.144,0.142838,1
245.287,0.126709,1
245.414,0.118522,1
245.533,0.192837,1
245.725,1.1322,1
246.858,0.119094,1
246.977,0.14438,1
247.121,0.172618,1
247.294,0.120841,1
247.414,0.147659,1
247.562,0.144994,1
247.707,0.151826,1
247.859,0.148675,1
248.008,1.21338,1
249.221,0.119442,1
249.34,1.12901,1
11.5763,1.49985,1
13.0761,1.5019,1
14.578,2.5349,1
17.1129,2.5406,1
19.6535,1.26747,1
20.921,1.21187,1
22.1329,1.62244,1
23.7553,2.53519,1
26.2905,23.0003,1
49.2908,1.6121,1
50.9029,1.44072,1
52.3437,2.3095,1
54.6532,1.38522,1
56.0384,2.21499,0
58.2534,1.43668,1
59.6901,1.57525,1
61.2653,1.27335,1
62.5386,1.15491,1
63.6936,1.15567,1
64.8492,0.864913,1
65.7141,1.03893,1
66.7531,0.980566,1
67.7336,0.981828,1
68.7155,1.10273,1
69.8182,1.04059,1
70.8588,1.20509,1
72.0639,1.09774,1
73.1616,2.0265,1
75.1881,1.10001,1
76.2881,1.09469,1
77.3828,0.924597,1
78.3074,1.09531,1
79.4027,1.03893,1
80.4417,2.24165,1
82.6833,1.38686,1
84.0702,1.26942,1
85.3396,1.095,1
86.4346,1.2114,1
87.646,1.09778,1
88.7438,4.08822,1
92.832,1.09512,1
93.9271,1.55663,1
95.4837,1.32424,1
96.808,2.13622,1
98.9442,1.0993,1
100.044,1.09629,1
101.14,1.09542,1
102.235,2.25252,1
104.488,1.1526,1
105.64,1.0395,1
106.68,2.07736,1
108.757,1.15217,1
109.909,4.27275,1
114.182,1.27028,1
115.452,0.980438,1
116.433,0.983633,1
117.416,8.18722,1
125.604,0.177888,1
125.782,0.172393,1
125.954,0.975181,1
126.929,1.38718,1
128.316,15.1738,1
143.49,1.20904,1
144.699,0.425543,1
145.125,0.405814,1
145.53,1.32752,1
146.858,0.146954,1
147.005,0.287355,1
147.292,0.288119,1
147.58,0.315609,1
147.896,0.322152,1
148.218,0.14119,1
148.359,0.148673,1
148.508,0.176527,1
148.685,3.15841,1
151.843,1.19014,1
153.033,0.11868,1
153.152,0.224547,1
153.376,0.124738,1
153.501,0.281185,1
153.782,1.44127,1
155.224,1.33705,1
156.561,1.31495,1
157.876,1.33769,1
159.213,3.1351,1
162.348,0.118566,1
162.467,1.1875,1
163.654,0.223926,1
163.878,0.119524,1
163.998,0.300889,1
164.299,0.147207,1
164.446,0.145665,1
164.592,0.168263,1
164.76,1.30366,1
166.064,1.55491,1
167.618,0.347412,1
167.966,3.25868,1
171.225,1.12814,1
172.353,0.260906,1
172.614,0.258701,1
172.872,0.287927,1
173.16,0.230852,1
173.391,0.162302,1
173.553,0.242975,1
173.796,3.15386,1
176.95,7.30441,1
184.255,0.230821,1
184.485,0.199114,1
184.685,0.28995,1
184.975,0.377592,1
185.352,1.32897,1
186.681,0.288476,1
186.97,0.518767,1
187.488,0.424205,1
187.913,0.230418,1
188.143,1.31991,1
189.463,0.228324,1
189.691,0.231566,1
189.923,0.233764,1
190.157,0.289133,1
190.446,0.240342,1
190.686,1.32729,1
192.013,3.19564,1
195.209,1.37539,1
196.584,3.15918,1
199.744,1.14504,1
200.889,0.230202,1
201.119,0.287875,1
201.407,1.2719,1
202.679,0.287968,1
202.967,0.457472,1
203.424,0.235012,1
203.659,0.291943,1
203.951,1.17805,1
205.129,0.17471,1
205.304,7.2147,1
212.518,0.178219,1
212.697,0.232404,1
212.929,0.393613,1
213.323,0.242199,1
213.565,0.218259,1
213.783,1.18646,1
214.97,0.122809,1
215.092,1.29695,1
216.389,0.203073,1
216.592,1.13047,1
217.723,0.117748,1
217.841,0.117273,1
217.958,1.19674,1
219.155,0.119891,1
219.275,0.167134,1
219.442,0.118953,1
219.561,1.12689,1
220.688,0.177067,1
220.865,0.120501,1
220.985,1.18765,1
222.173,0.118807,1
222.292,0.120111,1
222.412,1.24674,1
223.658,0.1185,1
223.777,0.173813,1
223.951,1.22427,1
225.175,3.1971,1
228.372,1.27497,1
229.647,0.29958,1
229.947,0.279284,1
230.226,0.411758,1
230.638,0.449145,1
231.087,0.35735,1
231.444,0.404258,1
231.848,0.330571,1
232.179,1.13194,1
233.311,0.173762,1
233.485,0.201674,1
233.686,1.29828,1
234.985,0.23032,1
235.215,1.27792,1
236.493,3.26326,1
239.756,1.18786,1
240.944,0.181543,1
241.126,0.161201,1
241.287,0.245872,1
241.533,0.12083,1
241.653,0.126294,1
241.78,0.120972,1
241.901,0.232417,1
242.133,1.13149,1
243.265,0.122902,1
243.388,1.13179,1
244.519,1.13861,1
245.658,0.120188,1
245.778,3.20645,1
248.985,0.119401,1
249.104,1.17467,1
10.7659,1.67868,1
12.4446,1.61486,1
14.0595,2.42342,1
16.4829,1.55713,1
18.04,1.55638,1
19.5964,1.26933,1
20.8657,1.20978,1
22.0755,1.61978,1
23.6953,1.44208,1
25.1374,1.49841,1
26.6358,2.42893,1
29.0647,21.4357,1
50.5004,1.49681,1
51.9972,1.21248,1
53.2097,1.26627,1
54.4759,1.33171,1
55.8077,1.32632,1
57.134,1.14604,0
58.28,0.285621,0
58.5656,21.056,0
79.6216,1.16296,1
80.7846,1.09169,1
81.8763,1.2702,1
83.1465,4.15521,1
87.3017,1.15155,1
88.4532,2.41909,1
90.8723,1.15241,1
92.0247,1.15364,1
93.1784,1.26729,1
94.4457,1.55622,1
96.0019,1.32593,1
97.3278,2.13974,1
99.4676,2.07662,1
101.544,1.15184,1
102.696,1.21308,1
103.909,2.13679,1
106.046,1.15306,1
107.199,1.03861,1
108.238,1.09507,1
109.333,2.07831,1
111.411,0.977683,1
112.389,1.21623,1
113.605,1.0394,1
114.644,1.32658,1
115.971,0.982268,1
116.953,1.0955,1
118.049,1.03757,1
119.086,0.923142,1
120.009,1.95748,1
121.967,1.15202,1
123.119,1.21227,1
124.331,0.207231,1
124.538,1.17879,1
125.717,0.122019,1
125.839,0.975378,1
126.815,0.118768,1
126.933,3.40093,1
130.334,0.41081,1
130.745,0.287934,1
131.033,0.346977,1
131.38,0.347017,1
131.727,0.345471,1
132.072,0.345833,1
132.418,7.20727,1
139.626,15.5528,1
155.178,0.459182,1
155.638,0.508535,1
156.146,0.348039,1
156.494,0.400445,1
156.895,0.347088,1
157.242,0.346224,1
157.588,0.34565,1
157.934,1.33225,1
159.266,1.12581,1
160.392,0.198512,1
160.59,0.147018,1
160.737,3.19862,1
163.936,0.247869,1
164.184,0.149153,1
164.333,3.51435,1
167.847,0.518384,1
168.365,0.403051,1
168.769,0.345125,1
169.114,0.118534,1
169.232,1.12378,1
170.356,0.176949,1
170.533,1.26499,1
171.798,1.24732,1
173.045,1.19227,1
174.238,1.27184,1
175.509,0.126626,1
175.636,1.14158,1
176.778,1.23632,1
178.014,0.120191,1
178.134,1.18831,1
179.322,1.16659,1
180.489,0.117992,1
180.607,0.233018,1
180.84,0.235528,1
181.076,1.13067,1
182.206,0.170993,1
182.377,1.15543,1
183.533,0.287917,1
183.821,3.49483,1
187.315,1.46607,1
188.781,0.40518,1
189.187,0.33151,1
189.518,0.231322,1
189.749,0.24527,1
189.995,0.33551,1
190.33,0.298556,1
190.629,1.43525,1
192.064,0.413545,1
192.478,0.280195,1
192.758,0.195805,1
192.954,1.31235,1
194.266,0.290727,1
194.557,0.179102,1
194.736,0.168867,1
194.905,1.21821,1
196.123,0.345861,1
196.469,0.367582,1
196.836,0.32692,1
197.163,1.14333,1
198.307,0.182094,1
198.489,3.20612,1
201.695,1.38285,1
203.078,1.12224,1
204.2,0.119276,1
204.319,0.120436,1
204.44,0.167648,1
204.607,0.181817,1
204.789,1.1791,1
205.968,0.276575,1
206.245,1.12795,1
207.373,1.33389,1
208.707,1.15324,1
209.86,3.40535,1
213.265,1.23954,1
214.505,7.15435,1
221.659,7.29523,1
228.954,0.186596,1
229.141,1.43996,1
230.581,0.402501,1
230.983,0.390808,1
231.374,0.23221,1
231.606,0.22759,1
231.834,3.18694,1
235.021,0.125288,1
235.146,0.241613,1
235.388,0.119148,1
235.507,3.26854,1
238.775,0.230617,1
239.006,0.288859,1
239.295,0.231167,1
239.526,0.290756,1
239.817,0.170273,1
239.987,1.19414,1
241.181,0.236021,1
241.417,0.131338,1
241.549,0.160974,1
241.71,0.13047,1
241.84,0.17276,1
242.013,0.175416,1
242.188,1.14368,1
243.332,0.173271,1
243.505,0.173574,1
243.679,0.136137,1
243.815,0.144571,1
243.959,1.1356,1
245.095,0.134846,1
245.23,1.15649,1
246.386,1.14287,1
247.529,0.118528,1
247.648,0.122033,1
247.77,1.15725,1
248.927,0.230572,1
249.158,0.123884,1
249.282,7.15327,1
10.6503,1.61878,1
12.269,1.56285,1
13.8319,1.61181,1
15.4437,1.49782,1
16.9415,1.61726,1
18.5588,4.5599,1
23.1187,1.61416,1
24.7328,1.49993,1
26.2328,1.38312,1
27.6159,1.39131,1
29.0072,21.6078,1
50.615,2.36349,1
52.9785,1.26719,1
54.2457,1.27466,1
55.5203,1.44298,1
56.9633,1.52558,0
58.4889,2.95097,1
61.4399,1.27271,1
62.7126,1.09607,1
63.8087,1.15578,1
64.9644,0.864529,1
65.829,1.09685,1
66.9258,4.10325,1
71.0291,2.07523,1
73.1043,1.10326,1
74.2076,1.03811,1
75.2457,1.09787,1
76.3435,1.90623,1
78.2498,1.09786,1
79.3476,1.03399,1
80.3816,1.09696,1
81.4786,1.32052,1
82.7991,1.38588,1
84.185,1.32753,1
85.5125,2.24881,1
87.7613,1.15487,1
88.9162,1.21123,1
90.1274,2.12785,1
92.2553,2.36349,1
94.6188,1.49833,1
96.1171,2.13542,1
98.2525,1.09992,1
99.3524,1.21162,1
100.564,2.19228,1
102.756,2.30621,1
105.063,1.09898,1
106.162,1.15504,1
107.317,2.13066,1
109.447,1.04177,1
110.489,8.02086,1
118.51,2.134,1
120.644,2.07151,1
122.715,1.21225,1
123.928,1.27065,1
125.198,1.13299,1
126.331,0.829225,1
127.16,0.518731,1
127.679,3.29597,1
130.975,0.231076,1
131.206,0.281927,1
131.488,1.27568,1
132.764,0.232488,1
132.996,0.227768,1
133.224,1.12444,1
134.349,3.15865,1
137.507,0.159914,1
137.667,0.222947,1
137.89,0.288265,1
138.178,0.348081,1
138.526,1.2693,1
139.796,0.403447,1
140.199,0.51864,1
140.718,0.576415,1
141.294,0.139513,1
141.434,0.552497,1
141.986,0.180004,1
142.166,0.23125,1
142.398,0.231003,1
142.629,1.20781,1
143.836,0.30752,1
144.144,0.327699,1
144.472,0.170614,1
144.642,0.287576,1
144.93,3.25467,1
148.184,1.19097,1
149.375,0.238735,1
149.614,0.250808,1
149.865,0.186119,1
150.051,0.230461,1
150.281,3.27062,1
153.552,1.38586,1
154.938,0.468578,1
155.407,0.576069,1
155.983,3.34295,1
159.326,1.18134,1
160.507,3.19782,1
163.705,1.18075,1
164.885,1.40587,1
166.291,0.403369,1
166.695,0.460701,1
167.155,0.233016,1
167.388,0.407101,1
167.796,0.343647,1
168.139,0.456578,1
168.596,0.297859,1
168.894,7.30832,1
176.202,7.24342,1
183.445,0.260569,1
183.706,3.3414,1
187.047,0.5568,1
187.604,0.423509,1
188.028,0.346403,1
188.374,0.582635,1
188.957,1.32626,1
190.283,1.32576,1
191.609,0.288865,1
191.898,1.22905,1
193.127,0.118643,1
193.245,3.39652,1
196.642,3.1733,1
199.815,0.120313,1
199.935,0.123688,1
200.059,1.34745,1
201.407,0.172564,1
201.579,0.174859,1
201.754,0.229019,1
201.983,0.175117,1
202.158,0.285739,1
202.444,0.346046,1
202.79,0.348237,1
203.138,0.400963,1
203.539,0.180387,1
203.719,1.23453,1
204.954,1.36044,1
206.314,0.345394,1
206.66,3.17573,1
209.836,0.13935,1
209.975,1.20641,1
211.181,0.173077,1
211.354,0.178559,1
211.533,1.27167,1
212.805,0.287704,1
213.092,0.238632,1
213.331,0.222465,1
213.553,0.24148,1
213.795,0.275276,1
214.07,1.13321,1
215.203,0.173534,1
215.377,1.15724,1
216.534,21.0334,0
237.568,1.3235,1
238.891,0.157803,1
239.049,0.175623,1
239.224,1.12498,1
240.349,0.119526,1
240.469,0.183279,1
240.652,0.175325,1
240.828,1.12713,1
241.955,1.12996,1
243.085,0.127553,1
243.212,0.117958,1
243.33,0.233358,1
243.564,0.19008,1
243.754,1.12956,1
244.883,1.14485,1
246.028,0.175137,1
246.203,3.13334,1
249.337,1.19039,1
10.0169,2.65577,1
12.6727,1.6177,1
14.2904,1.49885,1
15.7892,1.49695,1
17.2862,1.61826,1
18.9045,1.32542,1
20.2299,2.19152,1
22.4214,1.67679,1
24.0982,1.32938,1
25.4276,1.55331,1
26.9809,1.44461,1
28.4255,21.3249,1
49.7504,1.5555,1
51.3059,1.44235,1
52.7482,2.30865,1
55.0569,1.44487,1
56.5017,1.32328,1
57.825,0.455041,0
58.2801,1.35268,1
59.6327,1.4598,1
61.0925,1.27354,1
62.3661,2.13735,1
64.5034,0.922284,1
65.4257,0.980246,1
66.406,1.04088,1
67.4468,0.923624,1
68.3705,1.10239,1
69.4729,1.03742,1
70.5103,2.1299,1
72.6402,4.2263,1
76.8665,2.01962,1
78.8861,1.09278,1
79.9789,1.15133,1
81.1302,1.14961,1
82.2798,1.27405,1
83.5539,1.32435,1
84.8782,2.13308,1
87.0113,2.13553,1
89.1468,1.32262,1
90.4695,1.2098,1
91.6793,1.03675,1
92.716,1.09844,1
93.8144,1.55396,1
95.3684,1.32421,1
96.6926,8.19745,1
104.89,1.09697,1
105.987,1.15433,1
107.141,1.03851,1
108.18,2.07615,1
110.256,1.90181,1
112.158,1.21568,1
113.374,1.15514,1
114.529,1.38467,1
115.913,0.980572,1
116.894,4.26533,1
121.159,0.980443,1
122.14,1.21242,1
123.352,1.26787,1
124.62,0.211826,1
124.832,0.166448,1
124.998,0.120924,1
125.119,0.118686,1
125.238,0.1204,1
125.358,1.05218,1
126.41,3.17981,1
129.59,15.2845,1
144.875,0.365157,1
145.24,0.464426,1
145.704,0.461227,1
146.166,0.346645,1
146.512,0.205151,1
146.717,1.26728,1
147.985,3.24441,1
151.229,1.1504,1
152.38,0.170196,1
152.55,1.24075,1
153.79,0.288631,1
154.079,0.395652,1
154.475,0.344984,1
154.82,0.528774,1
155.348,0.460476,1
155.809,0.347192,1
156.156,0.393342,1
156.55,3.1777,1
159.727,0.186957,1
159.914,3.14765,1
163.062,0.116539,1
163.178,0.171455,1
163.35,0.170596,1
163.52,0.126984,1
163.647,0.172852,1
163.82,0.189806,1
164.01,0.14715,1
164.157,1.1814,1
165.339,1.47131,1
166.81,0.347726,1
167.158,0.517064,1
167.675,0.34876,1
168.023,0.29176,1
168.315,0.397855,1
168.713,15.3126,1
184.026,0.343985,1
184.37,0.231428,1
184.601,0.289181,1
184.89,0.34893,1
185.239,1.4051,1
186.644,0.287225,1
186.932,0.499041,1
187.431,0.462314,1
187.893,3.30394,1
191.197,1.33022,1
192.527,0.28833,1
192.815,1.28711,1
194.102,0.278669,1
194.381,1.23916,1
195.62,0.276271,1
195.897,0.168779,1
196.065,0.230115,1
196.295,0.309907,1
196.605,0.382282,1
196.988,0.287175,1
197.275,0.288603,1
197.563,1.27068,1
198.834,0.345819,1
199.18,3.26874,1
202.449,0.287096,1
202.736,0.345985,1
203.082,0.402256,1
203.484,0.288137,1
203.772,0.293887,1
204.066,1.17955,1
205.246,0.173597,1
205.419,0.144719,1
205.564,0.172447,1
205.736,0.277275,1
206.014,0.288786,1
206.302,1.23966,1
207.542,1.30261,1
208.845,0.212034,1
209.057,1.14889,1
210.206,0.263478,1
210.469,0.172625,1
210.642,0.189526,1
210.831,1.22496,1
212.056,1.2169,1
213.273,1.17478,1
214.448,7.15294,1
221.601,1.12514,1
222.726,0.123341,1
222.849,0.128179,1
222.977,0.11902,1
223.096,1.16278,1
224.259,0.282587,1
224.542,0.233022,1
224.775,0.28797,1
225.063,7.24731,1
232.31,0.15741,1
232.468,0.245213,1
232.713,1.2664,1
233.979,0.199713,1
234.179,0.147652,1
234.327,7.14643,1
241.473,1.13251,1
242.606,0.230991,1
242.837,0.119662,1
242.956,3.18966,1
246.146,0.122005,1
246.268,0.167956,1
246.436,0.121646,1
246.557,0.122904,1
246.68,0.171954,1
246.852,0.123644,1
246.976,0.12547,1
247.101,0.134037,1
247.235,0.173519,1
247.409,0.177581,1
247.587,0.119043,1
247.706,0.122467,1
247.828,0.12478,1
247.953,0.140026,1
248.093,0.121554,1
248.214,0.120549,1
248.335,1.13406,1
249.469,0.1224,1
249.591,0.173452,1
249.765,0.162311,1
249.927,7.14976,1
11.4036,2.59828,1
14.0019,1.61466,1
15.6166,1.55427,1
17.1709,4.32792,1
21.4988,1.3853,1
22.8841,1.61837,1
24.5024,1.50004,1
26.0025,1.32509,1
27.3276,22.8268,1
50.1544,2.41918,1
52.5736,1.21125,1
53.7848,1.32997,1
55.1148,1.44285,1
56.5577,1.76824,0
58.3259,0.902648,1
59.2285,2.15219,1
61.3807,1.27391,1
62.6546,2.13693,1
64.7916,0.864631,1
65.6562,1.03892,1
66.6951,0.98049,1
67.6756,0.924509,1
68.6001,1.10296,1
69.7031,2.13194,1
71.835,4.04516,1
75.8802,1.21676,1
77.097,2.13261,1
79.2296,1.03657,1
80.2661,1.15631,1
81.4225,1.20387,1
82.6263,1.27108,1
83.8974,1.21163,1
85.109,1.09501,1
86.204,1.15474,1
87.3588,2.19194,1
89.5507,4.14687,1
93.6976,1.49862,1
95.1962,2.36478,1
97.561,1.03705,1
98.5981,1.15775,1
99.7558,2.0182,1
101.774,1.21012,1
102.984,2.13858,1
105.123,1.09618,1
106.219,1.21012,1
107.429,1.03946,1
108.468,4.03567,1
112.504,1.21649,1
113.721,1.09693,1
114.818,1.26888,1
116.086,2.07712,1
118.164,1.09553,1
119.259,0.980479,1
120.24,2.01524,1
122.255,1.2126,1
123.467,2.19413,1
125.662,1.13582,1
126.797,3.42138,1
130.219,1.32941,1
131.548,0.351603,1
131.9,0.343302,1
132.243,3.1992,1
135.442,0.286833,1
135.729,3.25561,1
138.985,7.46941,1
146.454,0.288774,1
146.743,0.203869,1
146.947,0.287587,1
147.234,3.26602,1
150.5,0.230561,1
150.731,3.34168,1
154.073,0.344206,1
154.417,0.47059,1
154.887,3.22118,1
158.109,0.298214,1
158.407,0.345363,1
158.752,0.228092,1
158.98,3.17119,1
162.151,1.14115,1
163.293,3.23028,1
166.523,0.287654,1
166.811,0.288168,1
167.099,1.32876,1
168.427,0.400733,1
168.828,1.17765,1
170.006,1.27371,1
171.28,1.2163,1
172.496,0.23045,1
172.726,0.231682,1
172.958,0.120455,1
173.078,0.119194,1
173.198,0.12301,1
173.321,0.176607,1
173.497,0.241181,1
173.738,0.276137,1
174.015,3.13134,1
177.146,0.175363,1
177.321,1.21966,1
178.541,0.176392,1
178.717,0.119529,1
178.837,0.118533,1
178.955,0.138258,1
179.094,0.169942,1
179.264,0.237973,1
179.502,1.16324,1
180.665,1.1722,1
181.837,1.13689,1
182.974,1.3387,1
184.313,0.230624,1
184.543,0.256315,1
184.8,0.403445,1
185.203,0.34552,1
185.549,0.439721,1
185.988,1.40756,1
187.396,0.459577,1
187.855,0.442125,1
188.298,0.364896,1
188.662,0.504142,1
189.167,1.23156,1
190.398,1.3222,1
191.72,0.350795,1
192.071,0.34001,1
192.411,1.21752,1
193.629,1.21833,1
194.847,1.23956,1
196.087,0.269225,1
196.356,0.364931,1
196.721,1.15041,1
197.871,0.172846,1
198.044,3.24658,1
201.291,0.231657,1
201.522,1.3829,1
202.905,0.292867,1
203.198,0.455979,1
203.654,0.288221,1
203.942,1.13878,1
205.081,0.173278,1
205.254,1.34765,1
206.602,0.165727,1
206.768,3.24125,1
210.009,0.14118,1
210.15,0.205406,1
210.355,1.18011,1
211.536,1.21846,1
212.754,0.230625,1
212.985,3.23191,1
216.217,1.13671,1
217.353,1.1667,1
218.52,1.16185,1
219.682,1.12456,1
220.806,0.119473,1
220.926,1.13074,1
222.057,3.23387,1
225.29,1.26969,1
226.56,0.231086,1
226.791,0.120268,1
226.911,1.18637,1
228.098,0.230304,1
228.328,1.21575,1
229.544,0.230072,1
229.774,0.276133,1
230.05,0.357227,1
230.407,0.392562,1
230.8,0.357055,1
231.157,7.27149,1
238.428,1.26214,1
239.691,1.13426,1
240.825,1.19211,1
242.017,0.228711,1
242.246,0.171191,1
242.417,0.119513,1
242.536,0.12679,1
242.663,0.12215,1
242.785,1.15245,1
243.938,0.123792,1
244.062,0.128722,1
244.19,3.16322,1
247.354,3.13122,1
11.3464,1.55727,1
12.9036,1.50197,1
14.4056,1.4987,1
15.9043,1.4397,1
17.344,1.61772,1
18.9617,1.32624,1
20.288,2.30695,1
22.5949,1.61914,1
24.2141,2.5368,1
26.7509,1.2709,1
28.0217,21.8441,1
49.8659,2.41945,1
52.2853,2.30999,1
54.5953,1.38522,1
55.9805,1.32646,1
57.307,1.07,0
58.377,0.331704,1
58.7087,1.15432,1
59.863,0.767989,1
60.631,2.25366,1
62.8847,1.04034,1
63.925,3.92442,1
67.8494,1.03946,1
68.8889,1.04461,1
69.9335,2.24706,1
72.1806,1.15398,1
73.3346,1.21975,1
74.5543,0.807101,1
75.3614,1.15473,1
76.5161,1.03961,1
77.5558,4.09137,1
81.6471,2.36762,1
84.0147,1.27032,1
85.2851,1.09157,1
86.3766,1.21272,1
87.5894,1.09907,1
88.6884,1.15015,1
89.8386,1.37944,1
91.218,2.07507,1
93.2931,1.38377,1
94.6769,1.49753,1
96.1744,1.32604,1
97.5004,2.14003,1
99.6405,4.21121,1
103.852,4.21233,1
108.064,1.09532,1
109.159,1.04039,1
110.2,1.09398,1
111.294,0.921438,1
112.215,1.21708,1
113.432,2.36513,1
115.797,2.13562,1
117.933,1.03866,1
118.972,0.922779,1
119.894,1.20691,1
121.101,2.1946,1
123.296,1.12635,1
124.422,7.42032,1
131.843,0.345346,1
132.188,0.403461,1
132.591,1.26886,1
133.86,0.173171,1
134.033,0.122523,1
134.156,0.142842,1
134.299,7.39971,1
141.699,0.120957,1
141.819,0.513451,1
142.333,1.29015,1
143.623,0.155161,1
143.778,0.249909,1
144.028,0.325528,1
144.354,7.16171,1
151.515,0.151132,1
151.667,0.118368,1
151.785,0.118821,1
151.904,0.173598,1
152.077,1.13269,1
153.21,1.38872,1
154.599,0.451693,1
155.05,0.461953,1
155.512,0.401974,1
155.914,3.3565,1
159.271,1.26235,1
160.533,0.146105,1
160.679,0.173221,1
160.853,0.119141,1
160.972,3.12816,1
164.1,0.31431,1
164.414,0.120719,1
164.535,1.12368,1
165.659,0.172002,1
165.831,0.3459,1
166.176,0.231281,1
166.408,0.459506,1
166.867,0.345877,1
167.213,1.44035,1
168.653,0.402245,1
169.056,0.118148,1
169.174,1.12298,1
170.297,0.117646,1
170.414,0.23066,1
170.645,0.174611,1
170.82,1.15891,1
171.979,0.171034,1
172.15,0.126443,1
172.276,0.161767,1
172.438,1.24174,1
173.68,1.1307,1
174.81,1.26079,1
176.071,0.231096,1
176.302,0.302281,1
176.605,0.161279,1
176.766,1.18806,1
177.954,3.17934,1
181.133,1.13012,1
182.263,1.15533,1
183.419,0.171524,1
183.59,0.260185,1
183.85,0.31586,1
184.166,7.26986,1
191.436,0.288723,1
191.725,1.17117,1
192.896,1.25422,1
194.15,0.288457,1
194.439,0.239243,1
194.678,0.173434,1
194.851,0.168023,1
195.019,0.131915,1
195.151,0.162239,1
195.313,0.180003,1
195.493,0.242297,1
195.736,1.27301,1
197.009,0.383715,1
197.393,0.134863,1
197.527,0.209268,1
197.737,7.16819,1
204.905,0.118391,1
205.023,1.33693,1
206.36,1.13154,1
207.492,1.24026,1
208.732,0.22792,1
208.96,0.172744,1
209.133,0.154466,1
209.287,0.118806,1
209.406,3.17806,1
212.584,0.22786,1
212.812,0.337812,1
213.15,0.238972,1
213.389,0.221021,1
213.61,0.300645,1
213.91,0.275411,1
214.186,1.13345,1
215.319,1.24619,1
216.565,0.142073,1
216.707,0.178291,1
216.886,1.148,1
218.034,3.12999,1
221.164,3.20318,1
224.367,0.231513,1
224.598,0.229309,1
224.828,0.293757,1
225.121,0.284305,1
225.406,0.231073,1
225.637,1.26907,1
226.906,0.123563,1
227.029,0.222641,1
227.252,1.19154,1
228.444,0.175004,1
228.619,1.27018,1
229.889,1.37043,1
231.259,0.358259,1
231.618,3.30936,1
234.927,1.13038,1
236.057,0.205459,1
236.263,0.25564,1
236.518,0.205735,1
236.724,0.289302,1
237.013,0.231016,1
237.244,1.24186,1
238.486,3.15228,1
241.639,0.151299,1
241.79,0.171174,1
241.961,0.124799,1
242.086,1.13698,1
243.223,0.181257,1
243.404,1.13395,1
244.538,0.119766,1
244.658,1.12091,1
245.779,1.1522,1
246.931,0.134622,1
247.066,0.14291,1
247.208,1.15692,1
248.365,1.16342,1
249.529,7.15507,1
11.5213,1.49717,1
13.0184,1.50172,1
14.5202,1.50224,1
16.0224,1.55618,1
17.5786,1.55615,1
19.1347,2.24603,1
21.3808,1.38768,1
22.7685,2.42608,1
25.1945,1.49901,1
26.6935,1.21274,1
27.9063,20.9213,1
48.8276,1.84637,1
50.6739,1.44073,1
52.1147,1.21177,1
53.3264,8.34778,1
61.6742,1.26909,1
62.9433,1.04016,1
63.9835,1.90337,1
65.8868,1.09709,1
66.9839,2.07997,1
69.0639,1.04518,1
70.1091,1.09272,1
71.2018,2.19105,1
73.3928,1.27691,1
74.6698,0.864482,1
75.5342,2.07943,1
77.6137,0.926624,1
78.5403,1.15027,1
79.6906,1.20966,1
80.9002,1.09139,1
81.9916,1.26985,1
83.2615,1.27085,1
84.5323,16.2047,1
100.737,4.26811,1
105.005,8.1913,1
113.196,1.21938,1
114.416,1.3241,1
115.74,0.981083,1
116.721,1.0968,1
117.818,1.03879,1
118.857,2.18673,1
121.043,0.980733,1
122.024,1.15413,1
123.178,1.2107,1
124.389,1.15724,1
125.546,1.03941,1
126.586,0.154288,1
126.74,0.650946,1
127.391,1.32757,1
128.718,0.231104,1
128.949,0.288992,1
129.238,1.38536,1
130.624,1.21494,1
131.839,0.293987,1
132.133,0.341266,1
132.474,0.232005,1
132.706,0.228865,1
132.935,0.229916,1
133.165,0.290192,1
133.455,0.292176,1
133.747,0.170834,1
133.918,1.29402,1
135.212,0.177673,1
135.39,0.120265,1
135.51,0.276585,1
135.787,0.121842,1
135.908,1.23326,1
137.142,7.40637,1
144.548,0.209214,1
144.757,3.31393,1
148.071,0.320342,1
148.392,0.201991,1
148.593,0.146405,1
148.74,1.25334,1
149.993,0.333956,1
150.327,0.289044,1
150.616,3.23251,1
153.849,0.337274,1
154.186,1.50799,1
155.694,3.29143,1
158.985,0.344988,1
159.33,3.13315,1
162.464,0.118284,1
162.582,1.13079,1
163.713,0.118621,1
163.831,0.236183,1
164.067,0.205102,1
164.273,1.18236,1
165.455,1.24064,1
166.696,3.13413,1
169.83,0.118204,1
169.948,3.18826,1
173.136,1.21413,1
174.35,0.184289,1
174.535,0.160049,1
174.695,0.118991,1
174.814,0.119944,1
174.934,0.161633,1
175.095,1.27969,1
176.375,3.30006,1
179.675,0.28763,1
179.963,0.173015,1
180.136,0.230988,1
180.367,0.1191,1
180.486,1.12437,1
181.61,0.167067,1
181.777,3.36794,1
185.145,0.439335,1
185.584,0.366633,1
185.951,0.346163,1
186.297,0.326273,1
186.623,0.288436,1
186.912,0.424044,1
187.336,1.50341,1
188.839,0.500182,1
189.34,0.193988,1
189.534,0.230826,1
189.764,0.273799,1
190.038,3.14674,1
193.185,3.34127,1
196.526,0.346019,1
196.872,3.21644,1
200.089,1.26031,1
201.349,0.288062,1
201.637,1.27192,1
202.909,0.399534,1
203.308,0.237784,1
203.546,0.228045,1
203.774,0.225256,1
204,1.13894,1
205.138,1.27915,1
206.418,1.18913,1
207.607,0.11968,1
207.726,0.168436,1
207.895,0.127387,1
208.022,15.1934,1
223.216,1.21411,1
224.43,3.24786,1
227.678,0.247281,1
227.925,0.216697,1
228.142,1.15911,1
229.301,0.230862,1
229.532,0.184502,1
229.716,1.42885,1
231.145,0.344472,1
231.489,0.286783,1
231.776,1.21465,1
232.991,3.21371,1
236.205,0.233294,1
236.438,0.171024,1
236.609,0.196518,1
236.805,1.22236,1
238.028,0.228455,1
238.256,0.201727,1
238.458,7.15005,1
245.608,1.12384,1
246.732,0.178235,1
246.91,15.161,1
11.1734,2.5982,1
13.7716,1.55674,1
15.3284,1.49807,1
16.8264,1.56104,1
18.3875,1.38216,1
19.7696,2.24803,1
22.0177,1.61954,1
23.6372,1.44193,1
25.0791,21.03,0
46.1091,3.87211,1
49.9812,1.44194,1
51.4232,2.19135,1
53.6145,1.21171,1
54.8262,1.38422,1
56.2105,1.26892,1
57.4794,1.28742,1
58.7668,1.63341,1
60.4002,1.33247,1
61.7327,1.26813,1
63.0008,1.04059,1
64.0414,3.98286,1
68.0243,2.02463,1
70.0489,1.09551,1
71.1444,1.09196,1
72.2364,2.08751,1
74.3239,8.18694,1
82.5108,1.21462,1
83.7254,4.26892,1
87.9944,2.30384,1
90.2982,1.26567,1
91.5639,1.03992,1
92.6038,1.15075,1
93.7546,1.49915,1
95.2537,1.38166,1
96.6354,1.27125,1
97.9066,1.21006,1
99.1167,1.15766,1
100.274,8.0205,1
108.295,2.13647,1
110.431,1.09285,1
111.524,1.03724,1
112.561,1.21694,1
113.778,1.09708,1
114.875,1.96035,1
116.836,1.15454,1
117.99,1.03838,1
119.029,0.922827,1
119.952,1.26714,1
121.219,0.980644,1
122.199,2.2474,1
124.447,1.15851,1
125.605,0.118734,1
125.724,0.975104,1
126.699,0.634804,1
127.334,0.161596,1
127.495,1.33817,1
128.834,0.133623,1
128.967,0.121017,1
129.088,0.17245,1
129.261,0.208355,1
129.469,0.176196,1
129.645,0.34317,1
129.988,0.406056,1
130.395,0.459425,1
130.854,0.236346,1
131.09,0.339842,1
131.43,0.288619,1
131.719,0.298734,1
132.017,0.398991,1
132.416,0.230559,1
132.647,21.0414,0
153.688,0.275922,1
153.964,1.49941,1
155.464,0.335721,1
155.799,0.299364,1
156.099,0.28826,1
156.387,0.406261,1
156.793,0.286064,1
157.079,0.288889,1
157.368,0.346427,1
157.715,0.345498,1
158.06,0.334217,1
158.394,0.300165,1
158.695,7.24914,1
165.944,0.232657,1
166.176,1.27061,1
167.447,0.51736,1
167.964,3.20202,1
171.166,0.343508,1
171.51,0.172754,1
171.683,1.15979,1
172.842,0.26258,1
173.105,1.18784,1
174.293,0.18452,1
174.477,0.120219,1
174.598,0.155543,1
174.753,0.118793,1
174.872,0.119194,1
174.991,0.229747,1
175.221,1.32653,1
176.547,3.16754,1
179.715,0.173439,1
179.888,0.134184,1
180.023,3.13382,1
183.156,1.24032,1
184.397,0.229736,1
184.626,1.43949,1
186.066,0.28866,1
186.355,1.38471,1
187.739,0.386182,1
188.126,0.464337,1
188.59,0.482289,1
189.072,0.287691,1
189.36,0.234425,1
189.594,0.270487,1
189.865,1.2244,1
191.089,0.173396,1
191.263,0.231209,1
191.494,0.290977,1
191.785,0.452674,1
192.237,3.13922,1
195.377,0.230925,1
195.608,1.34364,1
196.951,0.266194,1
197.217,1.2579,1
198.475,0.288256,1
198.764,0.230599,1
198.994,0.230242,1
199.224,0.24354,1
199.468,0.219281,1
199.687,1.2012,1
200.888,0.172624,1
201.061,1.15668,1
202.218,0.344188,1
202.562,0.400836,1
202.963,21.0463,0
224.009,3.18535,1
227.194,1.11986,1
228.314,0.232037,1
228.546,0.127757,1
228.674,0.119148,1
228.793,0.172606,1
228.966,1.31544,1
230.281,1.39346,1
231.675,0.273939,1
231.949,0.287487,1
232.236,0.361616,1
232.598,0.23095,1
232.829,0.229925,1
233.059,0.120016,1
233.179,3.16723,1
236.346,0.287877,1
236.634,0.229745,1
236.864,1.19094,1
238.054,3.24743,1
241.302,3.11756,1
244.419,0.160835,1
244.58,1.20011,1
245.78,21.0386,0
10.7082,1.67611,1
12.3843,1.56008,1
13.9443,1.61487,1
15.5592,1.50071,1
17.0599,1.6138,1
18.6737,1.32662,1
20.0003,2.19052,1
22.1909,1.67703,1
23.8679,2.59568,1
26.4636,1.26848,1
27.7321,21.672,1
49.4041,1.55646,1
50.9606,1.44023,1
52.4008,1.15345,1
53.5542,2.36881,1
55.9231,1.32595,1
57.249,1.05995,0
58.309,0.630389,1
58.9394,1.03984,1
59.9792,1.05554,1
61.0347,1.27355,1
62.3083,1.21196,1
63.5203,1.15634,1
64.6766,3.98122,1
68.6578,1.10285,1
69.7607,2.18943,1
71.9501,0.925035,1
72.8751,1.03947,1
73.9146,1.15764,1
75.0722,0.983435,1
76.0557,1.21127,1
77.2669,0.92358,1
78.1905,1.09701,1
79.2875,8.18687,1
87.4744,2.19152,1
89.6659,1.43618,1
91.1021,1.09551,1
92.1976,2.36326,1
94.5609,2.36253,1
96.9234,2.25114,1
99.1745,2.13853,1
101.313,1.0946,1
102.408,1.15559,1
103.563,1.0969,1
104.66,2.07763,1
106.738,1.15225,1
107.89,1.03901,1
108.929,2.01814,1
110.947,2.07749,1
113.025,1.27277,1
114.297,1.26972,1
115.567,2.07789,1
117.645,1.04043,1
118.686,1.03588,1
119.721,2.01525,1
121.737,1.15153,1
122.888,1.21276,1
124.101,1.32754,1
125.428,0.119284,1
125.548,1.13491,1
126.683,15.1969,1
141.88,1.12725,1
143.007,1.28911,1
144.296,0.425547,1
144.721,0.381823,1
145.103,0.369345,1
145.473,0.381169,1
145.854,0.427297,1
146.281,0.288353,1
146.569,0.346148,1
146.916,0.204444,1
147.12,0.256695,1
147.377,1.15764,1
148.534,0.236807,1
148.771,0.142004,1
148.913,0.144164,1
149.057,0.143255,1
149.201,0.238997,1
149.44,7.3981,1
156.838,0.299809,1
157.138,0.33422,1
157.472,1.21819,1
158.69,0.23512,1
158.925,7.31152,1
166.237,0.343185,1
166.58,0.460654,1
167.04,0.51844,1
167.559,0.349179,1
167.908,0.346841,1
168.255,0.231059,1
168.486,0.233851,1
168.72,0.23134,1
168.951,3.24992,1
172.201,1.24799,1
173.449,0.219011,1
173.668,0.230981,1
173.899,1.2076,1
175.107,0.122959,1
175.23,1.26011,1
176.49,7.24529,1
183.735,0.315528,1
184.05,1.42081,1
185.471,0.401965,1
185.873,0.46139,1
186.335,1.44245,1
187.777,0.404373,1
188.181,0.365722,1
188.547,0.445908,1
188.993,0.308682,1
189.302,1.3171,1
190.619,0.289054,1
190.908,15.3488,1
206.257,0.333442,1
206.59,0.119973,1
206.71,0.122385,1
206.833,0.128002,1
206.961,0.120232,1
207.081,1.27863,1
208.359,0.139579,1
208.499,3.26726,1
211.766,0.174727,1
211.941,1.21674,1
213.158,0.338053,1
213.496,0.184014,1
213.68,0.21837,1
213.898,3.12586,1
217.024,0.150606,1
217.175,0.123484,1
217.298,0.170223,1
217.468,0.172276,1
217.641,0.119502,1
217.76,1.16333,1
218.923,0.120251,1
219.044,0.119198,1
219.163,0.169486,1
219.332,0.176061,1
219.508,0.118076,1
219.627,0.120147,1
219.747,0.190994,1
219.938,0.11813,1
220.056,0.178881,1
220.235,0.118065,1
220.353,0.165682,1
220.518,0.228946,1
220.747,1.13328,1
221.881,0.11849,1
221.999,0.120105,1
222.119,0.119778,1
222.239,0.123365,1
222.362,3.21671,1
225.579,0.231289,1
225.81,0.290564,1
226.101,0.344086,1
226.445,0.175355,1
226.62,1.1317,1
227.752,1.26025,1
229.012,0.175434,1
229.188,0.171132,1
229.359,1.50937,1
230.868,0.403417,1
231.272,0.275461,1
231.547,0.416338,1
231.963,0.330141,1
232.294,7.28943,1
239.583,3.19589,1
242.779,1.15497,1
243.934,0.140591,1
244.075,1.21712,1
245.292,0.151726,1
245.443,1.16277,1
246.606,0.131665,1
246.738,1.23666,1
247.974,0.175987,1
248.15,3.12778,1
10.3072,1.61874,1
11.926,1.49622,1
13.4222,1.56316,1
14.9854,2.53113,1
17.5165,2.36863,1
19.8851,1.26557,1
21.1507,2.65967,1
23.8104,1.4422,1
25.2526,1.55603,1
26.8086,1.27055,1
28.0792,22.3057,1
50.3848,4.32617,1
54.711,1.38657,1
56.0976,1.26702,1
57.3646,0.976133,0
58.3407,0.829877,1
59.1706,1.51758,1
60.6882,16.2357,1
76.9238,8.24285,1
85.1667,1.15243,1
86.3191,1.21248,1
87.5316,1.03921,1
88.5708,1.15319,1
89.724,8.29647,1
98.0205,4.15678,1
102.177,1.27088,1
103.448,1.15455,1
104.603,1.15588,1
105.759,1.15235,1
106.911,2.07547,1
108.986,1.03796,1
110.024,1.0985,1
111.123,21.0435,0
132.166,1.23137,1
133.398,15.3129,1
148.711,0.232196,1
148.943,1.22383,1
150.167,0.276233,1
150.443,0.186936,1
150.63,0.275312,1
150.905,0.232468,1
151.138,1.11961,1
152.257,0.119249,1
152.376,1.23877,1
153.615,0.340491,1
153.956,0.35489,1
154.311,0.461397,1
154.772,0.521629,1
155.294,1.43987,1
156.733,0.334986,1
157.068,1.28052,1
158.349,0.289099,1
158.638,7.25123,1
165.889,0.344499,1
166.234,0.288401,1
166.522,3.18959,1
169.712,0.175923,1
169.888,1.16048,1
171.048,0.28853,1
171.337,1.2175,1
172.554,1.17139,1
173.726,0.18601,1
173.912,0.275767,1
174.187,0.2207,1
174.408,0.11889,1
174.527,0.129901,1
174.657,1.19944,1
175.856,0.232433,1
176.089,0.228281,1
176.317,3.29939,1
179.616,0.214017,1
179.83,1.18046,1
181.011,0.23042,1
181.241,0.173266,1
181.415,3.30473,1
184.719,0.344461,1
185.064,3.35052,1
188.414,0.404612,1
188.819,1.27993,1
190.099,1.22118,1
191.32,1.26523,1
192.585,0.124968,1
192.71,1.15816,1
193.868,0.347386,1
194.216,0.280591,1
194.496,0.119577,1
194.616,1.22096,1
195.837,0.171505,1
196.008,1.28823,1
197.297,1.29391,1
198.591,0.287955,1
198.878,0.230572,1
199.109,0.230037,1
199.339,0.230828,1
199.57,1.14597,1
200.716,1.20912,1
201.925,0.119828,1
202.045,1.3258,1
203.371,0.23065,1
203.601,1.23713,1
204.838,1.18768,1
206.026,1.22802,1
207.254,0.231876,1
207.486,0.119015,1
207.605,0.178703,1
207.784,0.180558,1
207.964,0.160703,1
208.125,1.13231,1
209.257,0.119,1
209.376,1.12452,1
210.501,0.204108,1
210.705,1.12032,1
211.825,0.2267,1
212.052,3.1663,1
215.218,0.216788,1
215.435,3.2553,1
218.69,1.13169,1
219.822,0.287995,1
220.11,1.13725,1
221.247,1.17276,1
222.42,0.119008,1
222.539,0.118223,1
222.657,0.120376,1
222.778,0.142858,1
222.92,0.119537,1
223.04,0.117814,1
223.158,1.15079,1
224.309,0.179113,1
224.488,0.224463,1
224.712,0.230372,1
224.943,1.38708,1
226.33,3.27205,1
229.602,0.276221,1
229.878,0.288096,1
230.166,1.33829,1
231.504,0.401907,1
231.906,1.31786,1
233.224,0.172034,1
233.396,0.234382,1
233.631,0.229031,1
233.86,0.20186,1
234.061,0.23118,1
234.293,0.206917,1
234.5,0.173561,1
234.673,1.12308,1
235.796,1.35581,1
237.152,0.207701,1
237.36,0.197086,1
237.557,1.13847,1
238.695,0.2539,1
238.949,0.287522,1
239.237,1.12959,1
240.366,0.168866,1
240.535,0.173796,1
240.709,0.17153,1
240.88,1.14115,1
242.022,3.14999,1
245.172,1.15739,1
246.329,3.14163,1
249.471,0.118232,1
249.589,1.17236,1
11.6925,1.44389,1
13.1364,1.49933,1
14.6358,1.49922,1
16.135,2.59633,1
18.7313,1.32675,1
20.0581,1.208,1
21.266,1.21391,1
22.48,2.4258,1
24.9058,1.61519,1
26.521,1.32738,1
27.8483,21.1522,1
49.0005,1.84429,1
50.8448,2.30895,1
53.1538,1.26485,1
54.4186,1.27279,1
55.6914,1.32711,1
57.0185,3.78593,1
60.8044,4.21725,1
65.0217,0.923156,1
65.9448,1.96311,1
67.908,1.03845,1
68.9464,1.04472,1
69.9911,1.09781,1
71.0889,2.13045,1
73.2194,1.04611,1
74.2655,2.13556,1
76.4011,1.96676,1
78.3678,1.15026,1
79.5181,1.03635,1
80.5544,1.03613,1
81.5906,2.24948,1
83.84,1.21135,1
85.0514,1.09483,1
86.1462,2.24889,1
88.3951,1.21287,1
89.608,1.4369,1
91.0449,2.1908,1
93.2357,2.53575,1
95.7715,1.38313,1
97.1546,1.15539,1
98.31,1.1002,1
99.4102,1.21426,1
100.624,1.09158,1
101.716,1.21031,1
102.926,1.15531,1
104.082,1.15541,1
105.237,1.03943,1
106.276,1.21044,1
107.487,1.03901,1
108.526,1.09499,1
109.621,2.07608,1
111.697,0.980008,1
112.677,1.2742,1
113.951,1.26972,1
115.221,1.96323,1
117.184,1.15246,1
118.337,4.09132,1
122.428,2.36587,1
124.794,1.09762,1
125.891,1.55699,1
127.448,0.461474,1
127.91,0.345947,1
128.256,0.289905,1
128.546,1.27322,1
129.819,3.29019,1
133.109,0.23176,1
133.341,0.175651,1
133.517,0.170528,1
133.687,0.175622,1
133.863,1.29155,1
135.154,0.120208,1
135.274,1.17559,1
136.45,0.133461,1
136.584,0.156636,1
136.74,0.11837,1
136.859,3.45783,1
140.316,0.631892,1
140.948,0.19934,1
141.148,1.58827,1
142.736,0.345405,1
143.081,0.119414,1
143.201,0.134988,1
143.336,0.229748,1
143.565,0.15529,1
143.721,0.173197,1
143.894,0.365584,1
144.259,1.30502,1
145.565,0.347011,1
145.912,0.427509,1
146.339,1.26867,1
147.608,0.264077,1
147.872,0.2856,1
148.157,1.16108,1
149.318,1.19526,1
150.514,1.21024,1
151.724,0.172587,1
151.897,0.12305,1
152.02,0.172638,1
152.192,1.24729,1
153.44,0.235978,1
153.676,0.230706,1
153.906,0.346617,1
154.253,0.461381,1
154.714,0.453907,1
155.168,1.27764,1
156.446,1.38382,1
157.83,0.403844,1
158.233,7.16312,1
165.397,0.120561,1
165.517,0.195827,1
165.713,21.0479,0
186.761,0.441938,1
187.203,0.421673,1
187.624,3.35247,1
190.977,0.170237,1
191.147,0.22261,1
191.37,0.291477,1
191.661,0.460678,1
192.122,3.13375,1
195.256,0.133467,1
195.389,0.276149,1
195.665,0.185478,1
195.851,1.27297,1
197.124,1.12508,1
198.249,0.284203,1
198.533,0.188516,1
198.722,0.285611,1
199.007,0.345211,1
199.352,0.233988,1
199.586,1.24475,1
200.831,0.287771,1
201.119,1.15639,1
202.275,1.21082,1
203.486,1.23978,1
204.726,1.23024,1
205.956,1.13182,1
207.088,1.21416,1
208.302,7.15457,1
215.457,0.150745,1
215.607,0.120299,1
215.728,0.229933,1
215.958,1.18137,1
217.139,1.14821,1
218.287,1.16379,1
219.451,0.172722,1
219.624,0.175086,1
219.799,0.19572,1
219.995,1.14793,1
221.142,0.162544,1
221.305,0.120927,1
221.426,0.11929,1
221.545,0.119974,1
221.665,7.18567,1
228.851,0.219036,1
229.07,0.173508,1
229.243,1.38616,1
230.63,0.342878,1
230.972,0.344198,1
231.317,1.20862,1
232.525,3.14457,1
235.67,1.22839,1
236.898,0.311401,1
237.21,0.173448,1
237.383,0.230702,1
237.614,0.209188,1
237.823,0.173213,1
237.996,0.172958,1
238.169,1.29081,1
239.46,0.288303,1
239.748,3.14095,1
242.889,0.120628,1
243.01,0.123387,1
243.133,0.138392,1
243.272,0.11814,1
243.39,0.117967,1
243.508,0.183749,1
243.691,1.13471,1
244.826,7.14046,1
10.4775,1.61911,1
12.0966,1.5602,1
13.6568,1.49924,1
15.1561,2.59571,1
17.7518,2.36632,1
20.1181,1.20489,1
21.323,1.33026,1
22.6532,1.61785,1
24.2711,1.32699,1
25.5981,1.44142,1
27.0395,22.8845,1
49.924,1.43978,1
51.3638,2.13359,1
53.4974,1.27116,1
54.7685,1.38703,1
56.1555,1.26617,1
57.4217,0.80642,0
58.2281,0.225985,0
58.4541,0.543223,1
58.9973,1.0971,1
60.0944,0.652322,1
60.7468,1.33301,1
62.0798,1.20992,1
63.2897,1.10111,1
64.3908,3.92257,1
68.3134,1.10142,1
69.4148,1.03807,1
70.4529,1.09605,1
71.5489,2.07767,1
73.6266,1.85018,1
75.4768,1.21371,1
76.6905,0.980557,1
77.671,0.982185,1
78.6532,1.09513,1
79.7483,1.20909,1
80.9574,2.24678,1
83.2042,1.27017,1
84.4744,1.3843,1
85.8587,8.12849,1
93.9872,1.55396,1
95.5411,1.32466,1
96.8658,2.19377,1
99.0596,1.09914,1
100.159,1.09898,1
101.258,1.09522,1
102.353,1.15145,1
103.504,2.19407,1
105.698,1.09679,1
106.795,1.15226,1
107.947,1.0963,1
109.044,1.03852,1
110.082,1.09581,1
111.178,0.86396,1
112.042,1.21268,1
113.255,1.21612,1
114.471,1.38491,1
115.856,0.922673,1
116.778,1.09658,1
117.875,1.04116,1
118.916,0.922527,1
119.839,1.14727,1
120.986,4.32751,1
125.313,3.19202,1
128.506,0.388432,1
128.894,3.40694,1
132.301,0.233596,1
132.534,7.31907,1
139.854,0.402766,1
140.256,0.577264,1
140.834,0.198933,1
141.033,0.227888,1
141.26,0.38006,1
141.64,1.32795,1
142.968,0.118993,1
143.087,0.172886,1
143.26,0.130485,1
143.391,1.13595,1
144.527,0.36998,1
144.897,0.381675,1
145.278,0.344097,1
145.622,0.428181,1
146.051,0.321514,1
146.372,0.313025,1
146.685,0.206666,1
146.892,0.170508,1
147.062,7.52679,1
154.589,0.403721,1
154.993,0.461232,1
155.454,1.32555,1
156.78,0.346026,1
157.126,0.300281,1
157.426,0.334665,1
157.761,1.28004,1
159.041,0.413336,1
159.454,0.229066,1
159.683,0.173809,1
159.857,0.215457,1
160.072,0.193086,1
160.265,7.35419,1
167.62,0.457623,1
168.077,3.31894,1
171.396,0.118453,1
171.515,0.225327,1
171.74,0.178529,1
171.919,3.23452,1
175.153,1.27921,1
176.432,0.229908,1
176.662,0.172903,1
176.835,0.119262,1
176.954,0.119226,1
177.074,0.190651,1
177.264,1.27058,1
178.535,0.175659,1
178.71,1.23549,1
179.946,0.231349,1
180.177,21.0298,0
201.207,3.16973,1
204.377,0.172911,1
204.55,0.231054,1
204.781,0.230529,1
205.011,0.185079,1
205.196,0.167408,1
205.364,3.2843,1
208.648,0.231305,1
208.879,0.290846,1
209.17,0.145003,1
209.315,0.176441,1
209.492,1.26661,1
210.758,1.23582,1
211.994,0.235391,1
212.229,0.175112,1
212.405,0.226754,1
212.631,1.21126,1
213.843,0.285357,1
214.128,0.118409,1
214.246,0.142951,1
214.389,0.230533,1
214.62,1.22305,1
215.843,0.230175,1
216.073,3.19434,1
219.267,1.1873,1
220.455,0.119591,1
220.574,1.15043,1
221.725,1.13844,1
222.863,0.172134,1
223.035,0.119967,1
223.155,0.175629,1
223.331,1.2718,1
224.603,0.282308,1
224.885,0.353609,1
225.239,0.285726,1
225.524,0.346673,1
225.871,0.345259,1
226.216,3.21252,1
229.429,0.229588,1
229.658,3.28543,1
232.944,0.173206,1
233.117,3.17051,1
236.288,0.263214,1
236.551,0.230691,1
236.781,0.312671,1
237.094,0.20809,1
237.302,0.196727,1
237.499,0.151105,1
237.65,0.231575,1
237.882,1.22527,1
239.107,0.245749,1
239.353,0.282872,1
239.636,0.172905,1
239.808,1.18912,1
240.998,0.173365,1
241.171,1.12801,1
242.299,1.15162,1
243.451,0.120723,1
243.571,1.13579,1
244.707,0.121623,1
244.829,0.13415,1
244.963,0.121375,1
245.084,0.119229,1
245.203,1.18988,1
246.393,0.15546,1
246.549,1.132,1
247.681,0.119676,1
247.8,1.18233,1
248.983,0.120186,1
249.103,1.14452,1
11.0578,1.67324,1
12.731,2.53992,1
15.271,1.49765,1
16.7686,4.26754,1
21.0361,1.21453,1
22.2507,1.67439,1
23.9251,1.38744,1
25.3125,1.55343,1
26.8659,1.32879,1
28.1947,22.0748,1
50.2695,1.4972,1
51.7667,2.19125,1
53.9579,1.33004,1
55.288,1.38488,1
56.6729,1.32861,1
58.0015,0.409193,0
58.4107,0.702256,1
59.1129,1.40275,1
60.5157,2.25405,1
62.7697,8.02942,1
70.7992,1.20813,1
72.0073,0.981601,1
72.9889,1.10253,1
74.0914,2.02185,1
76.1133,1.21149,1
77.3248,2.13546,1
79.4602,1.03729,1
80.4975,1.03638,1
81.5339,1.32286,1
82.8568,1.38836,1
84.2451,1.32504,1
85.5702,1.03971,1
86.6099,1.20887,1
87.8187,2.19334,1
90.0121,4.14493,1
94.157,1.49921,1
95.6562,1.38264,1
97.0389,1.09823,1
98.1371,2.19542,1
100.333,2.13245,1
102.465,4.09938,1
106.564,2.0764,1
108.641,1.03742,1
109.678,1.03875,1
110.717,2.01778,1
112.735,1.27441,1
114.009,1.26945,1
115.279,0.981184,1
116.26,0.981884,1
117.242,2.13321,1
119.375,0.978429,1
120.353,1.21021,1
121.563,2.19186,1
123.755,1.32737,1
125.083,1.09658,1
126.179,0.868424,1
127.048,0.574021,1
127.622,0.135833,1
127.758,0.119693,1
127.877,1.3035,1
129.181,0.172741,1
129.353,0.173329,1
129.527,0.231202,1
129.758,0.346029,1
130.104,1.39343,1
131.497,0.281449,1
131.779,0.29355,1
132.072,0.403615,1
132.476,0.228611,1
132.705,0.174252,1
132.879,3.1517,1
136.031,1.18098,1
137.212,0.217706,1
137.429,0.287558,1
137.717,0.178411,1
137.895,3.45649,1
141.352,0.461749,1
141.814,0.46064,1
142.274,0.241169,1
142.515,1.14828,1
143.664,1.38239,1
145.046,0.287783,1
145.334,0.406159,1
145.74,0.483586,1
146.224,0.263372,1
146.487,0.175689,1
146.663,0.170189,1
146.833,1.29365,1
148.126,1.27825,1
149.405,0.230433,1
149.635,1.32757,1
150.963,0.205553,1
151.168,0.28931,1
151.458,3.48733,1
154.945,1.32635,1
156.271,0.406086,1
156.677,3.27992,1
159.957,0.229893,1
160.187,0.173303,1
160.36,1.20849,1
161.569,0.175104,1
161.744,1.13926,1
162.883,0.118811,1
163.002,1.35653,1
164.359,0.228498,1
164.587,0.120715,1
164.708,0.119851,1
164.828,0.158304,1
164.986,0.119804,1
165.106,1.301,1
166.407,0.231261,1
166.638,0.287735,1
166.926,0.402115,1
167.328,0.463671,1
167.792,0.289251,1
168.081,0.289428,1
168.37,0.231345,1
168.602,3.14447,1
171.746,0.16763,1
171.914,0.230044,1
172.144,1.18975,1
173.334,0.17275,1
173.506,1.13087,1
174.637,3.14731,1
177.784,1.12399,1
178.908,0.119411,1
179.028,0.1204,1
179.148,0.146262,1
179.295,0.264294,1
179.559,0.230266,1
179.789,0.271891,1
180.061,0.131999,1
180.193,3.13668,1
183.33,0.233939,1
183.564,0.229279,1
183.793,0.315743,1
184.109,1.32454,1
185.433,0.382327,1
185.816,0.403955,1
186.219,0.346142,1
186.566,0.289295,1
186.855,0.36585,1
187.221,3.2928,1
190.514,0.347726,1
190.861,0.170403,1
191.032,0.2231,1
191.255,0.288771,1
191.544,0.4049,1
191.948,1.21313,1
193.162,0.175006,1
193.337,7.1962,1
200.533,0.175656,1
200.708,0.237502,1
200.946,1.15679,1
202.103,1.3257,1
203.428,1.12649,1
204.555,0.178386,1
204.733,3.17342,1
207.907,0.230726,1
208.137,0.175421,1
208.313,0.277983,1
208.591,0.311183,1
208.902,1.18782,1
210.09,1.20662,1
211.297,0.121254,1
211.418,0.230928,1
211.649,0.173061,1
211.822,0.176869,1
211.999,15.2051,1
227.204,0.124082,1
227.328,1.17384,1
228.502,0.164138,1
228.666,1.33818,1
230.004,0.230227,1
230.234,0.335608,1
230.57,1.45161,1
232.021,0.331025,1
232.352,1.18938,1
233.542,7.22736,1
240.769,0.170953,1
240.94,0.125588,1
241.066,0.179205,1
241.245,0.23042,1
241.475,1.13067,1
242.606,0.290087,1
242.896,0.119363,1
243.015,3.2449,1
246.26,0.191781,1
246.452,3.19554,1
249.648,0.119914,1
249.768,0.120073,1
249.888,0.11901,1
11.4611,1.50023,1
12.9613,1.50131,1
14.4626,1.49978,1
15.9624,1.49654,1
17.459,1.61801,1
19.077,1.32553,1
20.4025,1.26882,1
21.6713,1.61907,1
23.2904,2.3656,1
25.656,1.44155,1
27.0975,1.44426,1
28.5418,20.6893,1
49.2311,4.20823,1
53.4393,2.31014,1
55.7495,1.3292,1
57.0787,1.37447,0
58.4531,0.42898,1
58.8821,2.03714,1
60.9193,1.27351,1
62.1928,1.21187,1
63.4046,4.10013,1
67.5048,2.08296,1
69.5877,1.09581,1
70.6836,1.0946,1
71.7782,2.02092,1
73.7991,1.96662,1
75.7657,1.21361,1
76.9793,0.923318,1
77.9026,1.03895,1
78.9416,1.0951,1
80.0367,1.15146,1
81.1881,1.14992,1
82.3381,2.30949,1
84.6475,2.07601,1
86.7235,1.21066,1
87.9342,1.15528,1
89.0895,1.3225,1
90.412,2.13113,1
92.5431,1.09611,1
93.6392,1.44001,1
95.0792,1.44169,1
96.5209,1.3259,1
97.8468,1.15464,1
99.0015,2.08133,1
101.083,2.24754,1
103.33,1.21473,1
104.545,4.03836,1
108.583,2.07568,1
110.659,1.09528,1
111.754,1.03782,1
112.792,1.27466,1
114.067,1.2694,1
115.336,0.981062,1
116.317,0.981421,1
117.299,7.18153,1
124.48,0.123554,1
124.604,0.170714,1
124.775,1.05926,1
125.834,1.15979,1
126.994,0.512547,1
127.506,3.35277,1
130.859,0.398503,1
131.257,0.352416,1
131.61,1.26805,1
132.878,0.229498,1
133.107,0.234946,1
133.342,0.231684,1
133.574,1.17798,1
134.752,0.229737,1
134.982,3.36983,1
138.352,0.462617,1
138.814,0.343011,1
139.157,0.230765,1
139.388,0.122928,1
139.511,0.227829,1
139.739,0.402344,1
140.141,3.13477,1
143.276,0.173305,1
143.449,0.232181,1
143.681,1.38577,1
145.067,0.347999,1
145.415,0.462461,1
145.878,0.379095,1
146.257,1.29625,1
147.553,1.27431,1
148.827,1.26877,1
150.096,0.288782,1
150.385,3.22462,1
153.609,0.288546,1
153.898,0.297318,1
154.195,7.13689,1
161.332,0.179117,1
161.511,0.175324,1
161.687,0.118031,1
161.805,3.12398,1
164.929,0.118767,1
165.047,0.1186,1
165.166,0.173505,1
165.339,0.172694,1
165.512,0.142832,1
165.655,0.175584,1
165.831,0.233084,1
166.064,0.228723,1
166.292,0.173014,1
166.465,0.459839,1
166.925,0.345132,1
167.27,3.25909,1
170.529,0.230933,1
170.76,0.172531,1
170.933,0.172804,1
171.106,0.234178,1
171.34,0.227577,1
171.567,0.120989,1
171.688,0.172459,1
171.861,3.18808,1
175.049,1.19526,1
176.244,1.135,1
177.379,0.167875,1
177.547,0.117963,1
177.665,0.173234,1
177.838,0.178419,1
178.017,0.17477,1
178.192,0.170685,1
178.362,0.231127,1
178.593,0.184255,1
178.778,1.22618,1
180.004,0.230687,1
180.234,3.12627,1
183.361,0.258195,1
183.619,1.32889,1
184.948,1.29168,1
186.24,0.349122,1
186.589,1.38411,1
187.973,0.285506,1
188.258,0.503011,1
188.761,1.29095,1
190.052,1.15265,1
191.205,0.283335,1
191.488,0.402776,1
191.891,0.295355,1
192.186,0.282936,1
192.469,1.21896,1
193.688,0.125183,1
193.813,0.17062,1
193.984,0.342052,1
194.326,1.23929,1
195.565,0.21415,1
195.78,1.32308,1
197.103,0.251501,1
197.354,0.266377,1
197.621,0.122552,1
197.743,0.185685,1
197.929,0.144039,1
198.073,0.171703,1
198.244,1.21009,1
199.455,3.34153,1
202.796,0.343869,1
203.14,3.34737,1
206.487,1.23725,1
207.725,1.27195,1
208.997,1.18542,1
210.182,0.228772,1
210.411,1.23998,1
211.651,0.228541,1
211.879,0.230029,1
212.109,0.178542,1
212.288,0.171166,1
212.459,0.230055,1
212.689,0.180506,1
212.87,0.174791,1
213.044,0.170829,1
213.215,0.288743,1
213.504,0.233566,1
213.737,1.17458,1
214.912,3.14139,1
218.053,0.119581,1
218.173,0.173134,1
218.346,0.171401,1
218.518,1.22174,1
219.739,0.140491,1
219.88,0.287623,1
220.167,0.124639,1
220.292,3.1352,1
223.427,0.2884,1
223.716,0.118935,1
223.835,0.174765,1
224.009,0.119051,1
224.128,0.124961,1
224.253,0.229166,1
224.483,0.235098,1
224.718,0.230273,1
224.948,0.346617,1
225.295,0.289202,1
225.584,0.284454,1
225.868,1.21081,1
227.079,1.12779,1
228.207,1.26738,1
229.474,0.288418,1
229.763,0.230339,1
229.993,0.348496,1
230.341,0.412231,1
230.754,0.34512,1
231.099,1.26922,1
232.368,1.28965,1
233.658,0.172787,1
233.83,0.173306,1
234.004,1.26887,1
235.273,7.20429,1
242.477,1.15259,1
243.63,0.185946,1
243.815,1.18289,1
244.998,0.117968,1
245.116,1.20138,1
246.318,1.12586,1
247.444,1.12472,1
248.568,1.12059,1
249.689,0.120032,1
249.809,0.172613,1
249.982,0.142341,1
11.1182,2.5981,1
13.7163,1.49745,1
15.2137,1.43937,1
16.6531,1.56206,1
18.2152,1.49664,1
19.7118,1.27014,1
20.9819,2.5979,1
23.5798,1.44427,1
25.0241,2.41866,1
27.4428,1.39037,1
28.8331,20.0517,1
48.8849,1.84557,1
50.7304,1.43946,1
52.1699,1.21199,1
53.3819,2.25381,1
55.6357,3.88096,1
59.5167,1.63317,1
61.1498,1.27362,1
62.4234,2.13741,1
64.5609,0.922747,1
65.4836,0.983851,1
66.4675,1.96097,1
68.4284,1.10125,1
69.5297,1.03882,1
70.5685,1.03807,1
71.6066,1.09136,1
72.6979,16.1608,1
88.8587,1.211,1
90.0697,1.2632,1
91.3329,1.09743,1
92.4304,1.03657,1
93.4669,1.38259,1
94.8495,1.44046,1
96.29,4.21675,1
100.507,1.09512,1
101.602,1.20916,1
102.811,1.15608,1
103.967,8.01802,1
111.985,1.09532,1
113.08,2.31399,1
115.394,0.980441,1
116.375,2.0194,1
118.394,2.01683,1
120.411,1.21012,1
121.621,1.03719,1
122.658,1.21176,1
123.87,1.27018,1
125.14,1.09713,1
126.237,0.15183,1
126.389,1.4632,1
127.852,0.345432,1
128.198,0.121948,1
128.32,0.12821,1
128.448,0.23306,1
128.681,0.230577,1
128.912,0.118993,1
129.031,1.36385,1
130.395,0.406906,1
130.801,1.38405,1
132.186,1.2714,1
133.457,0.172532,1
133.629,1.17965,1
134.809,0.230003,1
135.039,1.2179,1
136.257,0.132395,1
136.389,0.176152,1
136.566,1.21495,1
137.781,3.13431,1
140.915,0.172824,1
141.088,0.495013,1
141.583,0.518531,1
142.101,0.519613,1
142.621,7.14216,1
149.763,0.159858,1
149.923,0.185372,1
150.108,1.29143,1
151.4,0.148064,1
151.548,1.12177,1
152.669,0.117319,1
152.787,1.35033,1
154.137,1.44223,1
155.579,0.395226,1
155.975,0.344376,1
156.319,1.28059,1
157.6,0.391534,1
157.991,0.300386,1
158.291,3.156,1
161.447,0.179433,1
161.627,7.37139,1
168.998,0.17265,1
169.171,1.18537,1
170.356,0.230603,1
170.587,7.13635,1
177.723,0.120867,1
177.844,0.225259,1
178.069,1.137,1
179.206,0.179823,1
179.386,1.15718,1
180.543,0.121283,1
180.665,0.119666,1
180.784,0.232994,1
181.017,0.282037,1
181.299,0.125292,1
181.425,0.118285,1
181.543,3.31442,1
184.857,0.32151,1
185.179,0.46528,1
185.644,1.34547,1
186.99,1.36711,1
188.357,0.540145,1
188.897,0.349992,1
189.247,1.3144,1
190.561,0.356079,1
190.917,1.38656,1
192.304,0.228201,1
192.532,0.122643,1
192.655,0.119396,1
192.774,1.26118,1
194.035,0.2952,1
194.331,1.2196,1
195.55,0.175151,1
195.725,3.33925,1
199.065,3.26458,1
202.329,0.345326,1
202.674,0.345437,1
203.02,0.235133,1
203.255,0.456657,1
203.712,0.2965,1
204.008,3.1882,1
207.196,0.118703,1
207.315,0.119108,1
207.434,1.2377,1
208.672,1.22118,1
209.893,0.141823,1
210.035,0.206735,1
210.242,0.2847,1
210.526,0.117823,1
210.644,0.130216,1
210.774,0.118142,1
210.893,1.27912,1
212.172,3.16508,1
215.337,3.12514,1
218.462,0.230636,1
218.693,0.174176,1
218.867,0.118869,1
218.986,1.13322,1
220.119,3.15481,1
223.274,0.117839,1
223.391,1.2688,1
224.66,1.27271,1
225.933,0.341228,1
226.274,0.23034,1
226.505,0.228943,1
226.733,1.18004,1
227.913,0.241581,1
228.155,0.230398,1
228.385,3.27617,1
231.662,0.22924,1
231.891,0.247699,1
232.139,0.343949,1
232.483,0.215895,1
232.698,3.15488,1
235.853,0.12086,1
235.974,0.198238,1
236.172,0.205391,1
236.378,7.18819,1
243.566,0.12181,1
243.688,0.187279,1
243.875,0.123708,1
243.999,1.17543,1
245.174,3.15283,1
248.327,0.156108,1
248.483,0.120337,1
248.603,1.21924,1
249.823,0.122727,1
249.945,0.122712,1
10.5351,1.61872,1
12.1538,4.38425,1
16.538,1.5595,1
18.0975,2.36513,1
20.4627,1.32484,1
21.7875,2.59919,1
24.3867,1.44324,1
25.8299,1.38242,1
27.2124,1.38725,1
28.5996,20.3434,1
48.943,1.8447,1
50.7877,1.44211,1
52.2298,2.3042,1
54.534,1.33098,1
55.865,2.71951,0
58.5845,2.27707,1
60.8616,1.27364,1
62.1352,1.21234,1
63.3476,1.0984,1
64.446,0.922354,1
65.3683,0.980086,1
66.3484,1.03827,1
67.3867,0.869151,1
68.2558,1.0361,1
69.2919,1.04819,1
70.3401,1.09387,1
71.434,3.86918,1
75.3032,1.15547,1
76.4586,1.03954,1
77.4982,0.981579,1
78.4797,1.15568,1
79.6354,1.20734,1
80.8428,1.0932,1
81.936,21.0318,0
102.968,1.22946,1
104.197,1.15464,1
105.352,1.03982,1
106.392,1.21061,1
107.602,1.09594,1
108.698,1.09555,1
109.794,0.980682,1
110.774,1.09507,1
111.87,1.04025,1
112.91,2.25342,1
115.163,8.24826,1
123.411,1.32486,1
124.736,2.02235,1
126.759,3.40256,1
130.161,0.289129,1
130.45,0.461939,1
130.912,1.44565,1
132.358,1.27327,1
133.631,1.23565,1
134.867,0.230336,1
135.097,0.172623,1
135.27,0.230442,1
135.5,15.2447,1
150.745,0.125972,1
150.871,1.14125,1
152.012,1.19184,1
153.204,1.33683,1
154.541,0.337108,1
154.878,1.3262,1
156.204,0.298654,1
156.503,1.3151,1
157.818,0.357983,1
158.176,1.32082,1
159.497,0.172913,1
159.67,0.128921,1
159.799,3.14208,1
162.941,0.120191,1
163.061,0.174356,1
163.235,0.17697,1
163.412,0.127152,1
163.539,3.329,1
166.868,0.349515,1
167.218,0.286749,1
167.505,0.517296,1
168.022,0.458693,1
168.481,0.402687,1
168.883,1.1322,1
170.015,0.123197,1
170.139,0.159344,1
170.298,0.174206,1
170.472,1.15506,1
171.627,1.15739,1
172.785,0.20519,1
172.99,0.285963,1
173.276,0.161425,1
173.437,0.173297,1
173.611,0.243441,1
173.854,0.276317,1
174.13,1.32169,1
175.452,0.230594,1
175.683,0.23105,1
175.914,0.230549,1
176.144,0.215471,1
176.36,1.1296,1
177.489,1.17028,1
178.659,0.231531,1
178.891,1.18886,1
180.08,0.170366,1
180.25,3.25323,1
183.503,0.259816,1
183.763,0.317396,1
184.081,1.29503,1
185.376,0.460485,1
185.836,0.440912,1
186.277,3.2986,1
189.576,0.231636,1
189.807,0.302255,1
190.11,0.277829,1
190.387,0.3472,1
190.735,0.291114,1
191.026,1.39114,1
192.417,0.283122,1
192.7,0.173075,1
192.873,0.175515,1
193.049,0.17204,1
193.221,0.175007,1
193.396,1.22435,1
194.62,0.169434,1
194.789,1.1614,1
195.951,0.193472,1
196.144,1.26771,1
197.412,1.1342,1
198.546,0.23043,1
198.777,0.274696,1
199.051,0.232536,1
199.284,0.230569,1
199.514,0.184405,1
199.699,0.173447,1
199.872,1.30377,1
201.176,1.21703,1
202.393,0.339457,1
202.733,0.29136,1
203.024,0.288874,1
203.313,1.18414,1
204.497,0.11865,1
204.616,0.280722,1
204.896,1.23259,1
206.129,0.300841,1
206.43,1.23693,1
207.667,1.27246,1
208.939,0.135797,1
209.075,1.24664,1
210.322,1.15357,1
211.475,0.231428,1
211.707,0.178959,1
211.886,0.228588,1
212.114,0.167986,1
212.282,0.118933,1
212.401,0.121663,1
212.523,0.224756,1
212.747,1.26552,1
214.013,1.14701,1
215.16,0.119213,1
215.279,0.119119,1
215.398,0.151498,1
215.55,0.173128,1
215.723,0.177374,1
215.9,0.145084,1
216.045,0.142865,1
216.188,0.230903,1
216.419,1.15859,1
217.578,1.22995,1
218.808,15.2297,1
234.037,0.19932,1
234.237,0.147158,1
234.384,0.173745,1
234.558,0.254548,1
234.812,0.287417,1
235.1,21.026,0
11.231,1.55714,1
12.7882,2.60011,1
15.3883,1.49574,1
16.884,1.61658,1
18.5006,4.44156,1
22.9422,1.67443,1
24.6166,1.50067,1
26.1173,1.38386,1
27.5011,1.39279,1
28.8939,20.5675,1
49.4615,1.55654,1
51.018,1.44049,1
52.4585,1.21152,1
53.67,1.21384,1
54.8839,2.30711,1
57.191,1.22823,0
58.4192,0.404968,1
58.8242,1.52086,1
60.345,1.27193,1
61.617,1.21061,1
62.8276,1.03912,1
63.8667,1.21286,1
65.0796,0.923006,1
66.0026,1.03874,1
67.0413,0.924344,1
67.9656,1.03807,1
69.0037,4.04438,1
73.0481,1.10115,1
74.1492,2.07897,1
76.2282,4.09656,1
80.3248,2.12823,1
82.453,1.2141,1
83.6671,2.30626,1
85.9734,4.26889,1
90.2423,1.20613,1
91.4484,2.07555,1
93.5239,1.4429,1
94.9668,1.43837,1
96.4052,1.38358,1
97.7888,1.098,1
98.8868,4.3283,1
103.215,1.21464,1
104.43,1.15346,1
105.583,1.03942,1
106.623,1.20993,1
107.833,1.0389,1
108.871,1.0953,1
109.967,1.03806,1
111.005,2.13281,1
113.138,1.21767,1
114.355,1.32736,1
115.683,0.923453,1
116.606,1.09625,1
117.702,1.03876,1
118.741,1.03806,1
119.779,1.09201,1
120.871,0.980323,1
121.851,1.21153,1
123.063,1.21332,1
124.276,2.07617,1
126.353,0.152292,1
126.505,0.11967,1
126.624,3.30943,1
129.934,0.403323,1
130.337,0.459433,1
130.797,0.403332,1
131.2,1.4488,1
132.649,0.172555,1
132.821,1.12375,1
133.945,3.25384,1
137.199,1.38479,1
138.584,1.38493,1
139.969,1.4411,1
141.41,0.118302,1
141.528,0.515249,1
142.043,0.237999,1
142.281,3.39852,1
145.68,0.461577,1
146.141,0.288196,1
146.43,1.35074,1
147.78,1.18973,1
148.97,0.203804,1
149.174,1.16671,1
150.341,0.230931,1
150.572,0.275147,1
150.847,0.148693,1
150.995,0.199879,1
151.195,1.12676,1
152.322,0.173295,1
152.495,3.36122,1
155.857,0.35744,1
156.214,1.3186,1
157.533,7.16958,1
164.702,1.18369,1
165.886,0.232797,1
166.119,0.233661,1
166.352,1.3831,1
167.735,0.514132,1
168.25,1.13072,1
169.38,0.119786,1
169.5,15.3327,1
184.833,0.288428,1
185.121,0.369492,1
185.491,1.27088,1
186.762,0.380893,1
187.142,0.518917,1
187.661,0.403867,1
188.065,0.423878,1
188.489,0.448523,1
188.938,1.28792,1
190.226,0.23031,1
190.456,0.290828,1
190.747,1.43554,1
192.182,1.17821,1
193.36,0.120683,1
193.481,0.149573,1
193.631,0.23184,1
193.863,0.294988,1
194.158,3.29043,1
197.448,0.137895,1
197.586,0.207768,1
197.794,0.192411,1
197.986,0.173245,1
198.159,0.200544,1
198.36,0.346231,1
198.706,0.230402,1
198.936,0.230424,1
199.167,1.12638,1
200.293,0.121362,1
200.415,1.28014,1
201.695,0.230178,1
201.925,1.44084,1
203.366,1.1262,1
204.492,0.173126,1
204.665,1.23354,1
205.899,0.290273,1
206.189,0.286434,1
206.475,0.299797,1
206.775,0.118761,1
206.894,0.119253,1
207.013,0.125565,1
207.139,0.118708,1
207.257,7.13256,1
214.39,3.13039,1
217.52,0.120182,1
217.641,1.28045,1
218.921,0.173139,1
219.094,0.231432,1
219.326,0.173077,1
219.499,1.19089,1
220.69,1.1515,1
221.841,0.12294,1
221.964,0.150867,1
222.115,0.118915,1
222.234,0.119878,1
222.354,1.19006,1
223.544,1.28908,1
224.833,0.346035,1
225.179,0.285088,1
225.464,0.349543,1
225.813,0.343571,1
226.157,0.345357,1
226.502,0.232764,1
226.735,0.119035,1
226.854,1.23004,1
228.084,1.28475,1
229.369,0.220447,1
229.589,0.241704,1
229.831,3.27539,1
233.107,0.129864,1
233.236,0.218464,1
233.455,3.29615,1
236.751,0.287809,1
237.039,0.286039,1
237.325,1.1929,1
238.518,0.119349,1
238.637,3.21372,1
241.851,0.224065,1
242.075,0.122812,1
242.198,0.122492,1
242.32,0.121456,1
242.442,1.18291,1
243.625,0.124803,1
243.749,1.19121,1
244.941,1.14795,1
246.089,0.238612,1
246.327,0.169428,1
246.497,0.118847,1
246.615,0.128522,1
246.744,0.126043,1
246.87,3.1689,1
11.6336,4.5589,1
16.1925,1.6171,1
17.8096,1.55572,1
19.3653,1.32538,1
20.6907,1.21406,1
21.9048,2.65709,1
24.5618,1.49798,1
26.0598,2.42361,1
28.4834,21.6128,1
50.0963,1.43965,1
51.5359,1.32748,1
52.8634,1.20959,1
54.073,1.2726,1
55.3456,1.44219,1
56.7878,1.27171,1
58.0595,0.258133,0
58.3177,0.14051,0
58.4582,8.06433,1
66.5225,8.31946,1
74.842,0.980835,1
75.8228,1.21439,1
77.0372,0.925267,1
77.9624,1.03636,1
78.9988,4.32147,1
83.3203,1.26992,1
84.5902,1.32587,1
85.9161,1.15396,1
87.07,1.15298,1
88.223,1.1545,1
89.3775,1.37904,1
90.7565,4.55471,1
95.3113,2.36273,1
97.674,2.19663,1
99.8706,2.07581,1
101.946,2.19309,1
104.14,1.15481,1
105.294,4.09823,1
109.393,7.96411,1
117.357,2.13297,1
119.49,1.09649,1
120.586,1.09232,1
121.678,1.09428,1
122.773,1.21494,1
123.988,1.26811,1
125.256,1.03908,1
126.295,0.808254,1
127.103,7.13569,1
134.239,0.119896,1
134.359,0.118997,1
134.478,0.118667,1
134.596,0.123298,1
134.72,0.207927,1
134.928,0.172781,1
135.1,0.229035,1
135.329,3.14841,1
138.478,0.448876,1
138.927,0.3459,1
139.273,1.61836,1
140.891,1.55771,1
142.449,0.402349,1
142.851,1.3507,1
144.202,1.30538,1
145.507,1.29317,1
146.8,3.23776,1
150.038,1.21493,1
151.253,1.18422,1
152.437,0.230334,1
152.668,0.173852,1
152.841,0.123285,1
152.965,1.40319,1
154.368,0.337247,1
154.705,0.403135,1
155.108,0.463047,1
155.571,1.38135,1
156.953,0.300557,1
157.253,0.23048,1
157.484,0.403868,1
157.888,1.26298,1
159.151,0.288075,1
159.439,0.173673,1
159.612,0.287359,1
159.9,0.229863,1
160.13,1.13091,1
161.26,0.129228,1
161.39,0.184236,1
161.574,0.226944,1
161.801,0.172527,1
161.973,0.120446,1
162.094,3.12991,1
165.224,1.24107,1
166.465,3.13149,1
169.596,1.22251,1
170.819,3.15282,1
173.972,0.27501,1
174.247,0.172754,1
174.419,3.1857,1
177.605,3.29059,1
180.896,0.173287,1
181.069,0.179427,1
181.248,0.118165,1
181.367,1.12941,1
182.496,0.168382,1
182.664,1.2138,1
183.878,0.345601,1
184.224,1.38192,1
185.606,0.402919,1
186.009,1.5376,1
187.546,1.5075,1
189.054,0.349324,1
189.403,0.245885,1
189.649,0.23121,1
189.88,0.287386,1
190.167,0.336114,1
190.504,0.289403,1
190.793,3.24882,1
194.042,0.3473,1
194.389,0.174254,1
194.563,0.168114,1
194.731,0.178528,1
194.91,0.125573,1
195.036,0.230825,1
195.266,0.168322,1
195.435,1.37976,1
196.814,0.251303,1
197.066,1.1213,1
198.187,0.230425,1
198.418,7.19028,1
205.608,0.174864,1
205.783,1.11751,1
206.9,1.17931,1
208.079,0.16746,1
208.247,0.121519,1
208.368,15.2324,1
223.601,7.42916,1
231.03,0.401765,1
231.432,1.20948,1
232.641,0.244797,1
232.886,0.278186,1
233.164,1.35932,1
234.524,0.207749,1
234.731,1.17991,1
235.911,0.235902,1
236.147,3.26333,1
239.41,1.12666,1
240.537,0.17141,1
240.709,7.20821,1
247.917,0.118502,1
248.035,0.176293,1
248.212,0.183451,1
248.395,0.17914,1
248.574,0.144647,1
248.719,0.145415,1
248.864,0.12292,1
248.987,0.174056,1
249.161,0.120059,1
249.281,0.121161,1
249.402,0.187286,1
249.59,0.117331,1
249.707,0.159584,1
249.867,0.119715,1
249.986,1.12128,1
10.8814,1.67633,1
12.5578,1.61689,1
14.1747,2.42095,1
16.5956,1.55957,1
18.1552,2.36266,1
20.5178,2.48513,1
23.003,4.38228,1
27.3853,1.33063,1
28.7159,20.6308,1
49.3467,2.53443,1
51.8811,2.24949,1
54.1306,4.34053,0
58.4711,1.27637,1
59.7475,1.57533,1
61.3228,1.27391,1
62.5967,4.04084,1
66.6376,0.980314,1
67.6179,0.925371,1
68.5433,2.08318,1
70.6264,1.03761,1
71.6641,1.09189,1
72.7559,0.984977,1
73.7409,1.21611,1
74.957,4.09973,1
79.0568,1.03952,1
80.0963,2.12604,1
82.2223,1.27111,1
83.4934,1.32728,1
84.8207,1.21273,1
86.0335,1.21039,1
87.2438,4.26289,1
91.5067,2.07503,1
93.5818,1.43996,1
95.0217,1.44111,1
96.4628,4.21692,1
100.68,4.15289,1
104.833,2.19323,1
107.026,1.09816,1
108.124,1.15343,1
109.277,1.09642,1
110.374,1.09261,1
111.467,0.979943,1
112.446,1.21649,1
113.663,1.09908,1
114.762,1.2687,1
116.031,1.03771,1
117.068,1.03738,1
118.106,1.04039,1
119.146,0.921054,1
120.067,1.26448,1
121.332,1.03813,1
122.37,2.30783,1
124.678,3.13739,1
127.815,0.32511,1
128.14,7.19145,1
135.332,0.118464,1
135.45,0.11961,1
135.57,0.166485,1
135.736,0.118352,1
135.855,0.170696,1
136.025,1.12872,1
137.154,3.50577,1
140.66,0.140637,1
140.8,0.172404,1
140.973,0.496617,1
141.469,0.119349,1
141.589,0.172812,1
141.762,0.173891,1
141.935,0.172906,1
142.108,0.569814,1
142.678,3.42989,1
146.108,1.24214,1
147.35,0.34668,1
147.697,0.23264,1
147.93,7.46673,1
155.396,0.527593,1
155.924,0.337647,1
156.262,0.356005,1
156.618,0.393225,1
157.011,0.287809,1
157.299,0.346972,1
157.646,1.15947,1
158.805,0.230296,1
159.035,0.357967,1
159.393,1.17308,1
160.566,1.17837,1
161.745,0.119418,1
161.864,0.170401,1
162.035,1.1427,1
163.177,1.2941,1
164.471,1.12606,1
165.597,0.175472,1
165.773,0.231701,1
166.005,1.49706,1
167.502,3.20221,1
170.704,0.172343,1
170.876,1.2103,1
172.086,7.15102,1
179.238,0.20649,1
179.444,0.155592,1
179.6,0.247226,1
179.847,0.272176,1
180.119,0.19012,1
180.309,0.124818,1
180.434,3.21405,1
183.648,0.259768,1
183.908,1.35302,1
185.261,0.40283,1
185.664,0.459735,1
186.123,0.328943,1
186.452,0.286652,1
186.739,0.366296,1
187.105,0.403565,1
187.509,0.498706,1
188.008,0.309462,1
188.317,0.404525,1
188.722,1.25832,1
189.98,0.292426,1
190.272,1.27849,1
191.551,0.289694,1
191.84,1.23102,1
193.071,0.2072,1
193.279,0.139732,1
193.418,0.152437,1
193.571,0.233941,1
193.805,0.28787,1
194.093,0.354716,1
194.447,1.23036,1
195.678,0.231337,1
195.909,1.27177,1
197.181,0.288808,1
197.47,0.208688,1
197.678,1.27092,1
198.949,0.347828,1
199.297,0.228723,1
199.526,1.13431,1
200.66,0.170883,1
200.831,0.230675,1
201.062,0.287218,1
201.349,1.215,1
202.564,1.26352,1
203.827,1.2417,1
205.069,0.119647,1
205.189,1.34393,1
206.533,7.19333,1
213.726,0.229476,1
213.955,0.287512,1
214.243,3.16939,1
217.412,0.171384,1
217.584,0.119055,1
217.703,0.134956,1
217.838,3.12495,1
220.963,0.119464,1
221.082,3.23491,1
224.317,0.22802,1
224.545,0.224953,1
224.77,0.229319,1
224.999,0.352077,1
225.351,0.170469,1
225.522,0.229987,1
225.752,0.347295,1
226.099,0.287839,1
226.387,1.17526,1
227.562,0.228042,1
227.79,3.42323,1
231.214,1.32659,1
232.54,0.2328,1
232.773,0.160154,1
232.933,1.21904,1
234.152,0.313154,1
234.465,0.151771,1
234.617,1.13102,1
235.748,1.23293,1
236.981,0.285865,1
237.267,0.176137,1
237.443,0.285897,1
237.729,0.181441,1
237.91,3.203,1
241.113,0.246117,1
241.36,0.230625,1
241.59,1.12634,1
242.717,1.12826,1
243.845,0.174118,1
244.019,1.21315,1
245.232,0.120297,1
245.352,3.16272,1
248.515,0.145983,1
248.661,3.14147,1
10.4204,1.6185,1
12.0389,1.55972,1
13.5986,1.49928,1
15.0979,2.59652,1
17.6944,1.55578,1
19.2502,1.38339,1
20.6336,2.59909,1
23.2326,2.30763,1
25.5403,24.1528,1
49.693,1.55501,1
51.248,1.44165,1
52.6897,2.25446,1
54.9441,1.38216,1
56.3263,1.32586,1
57.6522,4.36799,1
62.0202,2.0785,1
64.0987,1.96114,1
66.0598,1.03916,1
67.0989,2.07761,1
69.1766,1.04576,1
70.2223,1.15623,1
71.3786,1.03044,1
72.409,1.10046,1
73.5095,1.275,1
74.7845,0.923119,1
75.7076,2.02146,1
77.729,0.982269,1
78.7113,1.09478,1
79.8061,1.20918,1
81.0153,1.09132,1
82.1066,1.27058,1
83.3772,1.33054,1
84.7077,2.13018,1
86.8379,1.21379,1
88.0517,1.15272,1
89.2044,2.18601,1
91.3904,1.0953,1
92.4857,2.42351,1
94.9092,1.44054,1
96.3498,1.38111,1
97.7309,1.04044,1
98.7713,1.15668,1
99.928,1.03935,1
100.967,1.09485,1
102.062,1.21033,1
103.273,4.27216,1
107.545,4.09467,1
111.639,0.979588,1
112.619,1.27445,1
113.893,1.21237,1
115.106,4.0959,1
119.202,0.922954,1
120.125,1.26466,1
121.389,1.09874,1
122.488,1.09386,1
123.582,1.32777,1
124.91,1.09643,1
126.006,1.55793,1
127.564,0.135556,1
127.7,0.325146,1
128.025,0.405367,1
128.43,0.191249,1
128.621,0.173064,1
128.794,0.271222,1
129.066,0.137872,1
129.203,1.42528,1
130.629,1.26772,1
131.896,0.351288,1
132.248,7.20483,1
139.453,3.4585,1
142.911,1.21542,1
144.127,0.305979,1
144.432,0.406563,1
144.839,0.379678,1
145.219,0.427465,1
145.646,0.437509,1
146.084,7.18398,1
153.268,0.226542,1
153.494,0.230915,1
153.725,21.0423,0
174.767,1.13012,1
175.898,3.14082,1
179.038,0.118502,1
179.157,0.19582,1
179.353,1.19389,1
180.547,1.12123,1
181.668,0.119969,1
181.788,0.119084,1
181.907,0.120391,1
182.027,0.118442,1
182.146,0.173566,1
182.319,0.119484,1
182.439,0.120462,1
182.559,0.163216,1
182.722,0.120111,1
182.843,0.176959,1
183.019,1.40839,1
184.428,0.231378,1
184.659,0.255745,1
184.915,0.379291,1
185.294,0.463369,1
185.758,0.346402,1
186.104,0.308452,1
186.413,0.289169,1
186.702,0.325968,1
187.028,1.40391,1
188.432,1.27544,1
189.707,3.13123,1
192.838,0.150469,1
192.989,7.18336,1
200.172,1.29202,1
201.464,0.172607,1
201.637,0.232899,1
201.87,0.170157,1
202.04,0.231168,1
202.271,3.15874,1
205.43,0.120748,1
205.55,0.130818,1
205.681,0.172377,1
205.854,3.25849,1
209.112,0.117019,1
209.229,1.1503,1
210.379,1.2145,1
211.594,0.170103,1
211.764,0.17252,1
211.937,0.230558,1
212.167,1.27876,1
213.446,1.13808,1
214.584,0.151784,1
214.736,0.118603,1
214.854,1.13147,1
215.986,0.172871,1
216.159,0.202637,1
216.361,0.258566,1
216.62,1.1601,1
217.78,0.119751,1
217.9,0.191655,1
218.091,0.138688,1
218.23,0.17464,1
218.405,0.2286,1
218.633,1.2209,1
219.854,0.119308,1
219.974,0.366233,1
220.34,0.120969,1
220.461,0.171688,1
220.632,1.1507,1
221.783,0.121879,1
221.905,3.21267,1
225.118,0.230249,1
225.348,0.293086,1
225.641,0.342224,1
225.983,1.15376,1
227.137,0.230442,1
227.367,0.135515,1
227.503,0.152277,1
227.655,0.21218,1
227.867,0.172933,1
228.04,1.21359,1
229.254,0.230419,1
229.484,0.336041,1
229.82,0.287979,1
230.108,0.345823,1
230.454,1.26485,1
231.719,1.2821,1
233.001,0.278364,1
233.28,0.234376,1
233.514,0.201734,1
233.716,0.173428,1
233.889,1.26805,1
235.157,0.159691,1
235.317,1.25916,1
236.576,0.265028,1
236.841,0.287914,1
237.129,1.15591,1
238.285,0.259528,1
238.544,0.289133,1
238.833,0.288958,1
239.122,0.158192,1
239.281,0.295581,1
239.576,1.12147,1
240.698,0.184264,1
240.882,0.173054,1
241.055,0.183923,1
241.239,0.167901,1
241.407,3.18881,1
244.596,0.123267,1
244.719,0.124174,1
244.843,1.12714,1
245.97,0.118377,1
246.089,0.174058,1
246.263,0.187255,1
246.45,1.13563,1
247.586,0.150535,1
247.736,0.11725,1
247.853,0.236724,1
248.09,1.13282,1
249.223,0.175087,1
249.398,0.130426,1
249.528,3.14254,1
